condition,method,n_words,failed_words,n_symbols,useful_bits,first_failures,n_streams,undetected_wrong,bler,goodput,first_word_bler
fixed,analog_delta__current_guard8__block_refine2,2635,124,6120000,3113640,3,360,0,0.047058823529411764,0.5087647058823529,0.008333333333333333
fixed,analog_delta__current_periodic__block_refine2,2635,115,6120000,3124800,0,360,0,0.04364326375711575,0.5105882352941177,0.0
fixed,analog_delta__lag_guard8__block_refine2,2635,245,6120000,2963600,58,360,0,0.09297912713472485,0.4842483660130719,0.16111111111111112
fixed,analog_delta__lag_periodic__block_refine2,2635,241,6120000,2968560,57,360,0,0.09146110056925996,0.48505882352941176,0.15833333333333333
fixed,analog_delta__refresh_guard8__block_refine2,2635,114,6120000,3126040,0,360,0,0.04326375711574953,0.5107908496732027,0.0
fixed,analog_delta__rescue_guard8__block_refine2,2635,183,6120000,3040480,1,360,0,0.06944971537001897,0.49681045751633984,0.002777777777777778
fixed,analog_delta__rescue_periodic__block_refine2,2635,183,6120000,3040480,1,360,0,0.06944971537001897,0.49681045751633984,0.002777777777777778
fixed,raw__raw__block_refine2,2635,928,6120000,2116680,75,360,0,0.3521821631878558,0.3458627450980392,0.20833333333333334
fixed,rule__rule__block_refine2,2635,204,6120000,3014440,1,360,0,0.07741935483870968,0.4925555555555556,0.002777777777777778
fixed,spike__current_guard8__block_refine2,2635,254,6120000,2952440,40,360,0,0.09639468690702087,0.4824248366013072,0.1111111111111111
fixed,spike__current_periodic__block_refine2,2635,116,6120000,3123560,0,360,0,0.04402277039848197,0.5103856209150327,0.0
fixed,spike__lag_guard8__block_refine2,2635,336,6120000,2850760,62,360,0,0.12751423149905122,0.46581045751633987,0.17222222222222222
fixed,spike__lag_periodic__block_refine2,2635,232,6120000,2979720,53,360,0,0.08804554079696394,0.4868823529411765,0.14722222222222223
fixed,spike__refresh_guard8__block_refine2,2635,114,6120000,3126040,0,360,0,0.04326375711574953,0.5107908496732027,0.0
fixed,spike__rescue_guard8__block_refine2,2635,183,6120000,3040480,1,360,0,0.06944971537001897,0.49681045751633984,0.002777777777777778
fixed,spike__rescue_periodic__block_refine2,2635,183,6120000,3040480,1,360,0,0.06944971537001897,0.49681045751633984,0.002777777777777778
random,analog_delta__current_guard8__block_refine2,2585,239,6039500,2909040,20,360,0,0.09245647969052224,0.4816690123354582,0.05555555555555555
random,analog_delta__current_periodic__block_refine2,2585,200,6039500,2957400,2,360,0,0.07736943907156674,0.4896762977067638,0.005555555555555556
random,analog_delta__lag_guard8__block_refine2,2585,274,6039500,2865640,33,360,0,0.10599613152804642,0.4744829870022353,0.09166666666666666
random,analog_delta__lag_periodic__block_refine2,2585,261,6039500,2881760,32,360,0,0.10096711798839458,0.4771520821260038,0.08888888888888889
random,analog_delta__refresh_guard8__block_refine2,2585,205,6039500,2951200,2,360,0,0.07930367504835589,0.4886497226591605,0.005555555555555556
random,analog_delta__rescue_guard8__block_refine2,2585,223,6039500,2928880,4,360,0,0.0862669245647969,0.4849540524877887,0.011111111111111112
random,analog_delta__rescue_periodic__block_refine2,2585,221,6039500,2931360,4,360,0,0.08549323017408124,0.48536468250683,0.011111111111111112
random,raw__raw__block_refine2,2585,751,6039500,2274160,38,360,0,0.2905222437137331,0.3765477274608825,0.10555555555555556
random,rule__rule__block_refine2,2585,231,6039500,2918960,4,360,0,0.08936170212765958,0.4833115324116235,0.011111111111111112
random,spike__current_guard8__block_refine2,2585,299,6039500,2834640,29,360,0,0.11566731141199227,0.46935011176421887,0.08055555555555556
random,spike__current_periodic__block_refine2,2585,224,6039500,2927640,4,360,0,0.08665377176015474,0.4847487374782681,0.011111111111111112
random,spike__lag_guard8__block_refine2,2585,323,6039500,2804880,33,360,0,0.12495164410058027,0.46442255153572315,0.09166666666666666
random,spike__lag_periodic__block_refine2,2585,282,6039500,2855720,32,360,0,0.10909090909090909,0.47284046692607,0.08888888888888889
random,spike__refresh_guard8__block_refine2,2585,223,6039500,2928880,3,360,0,0.0862669245647969,0.4849540524877887,0.008333333333333333
random,spike__rescue_guard8__block_refine2,2585,230,6039500,2920200,4,360,0,0.08897485493230174,0.48351684742114415,0.011111111111111112
random,spike__rescue_periodic__block_refine2,2585,232,6039500,2917720,4,360,0,0.0897485493230174,0.4831062174021028,0.011111111111111112
