condition,compound,metric,difference,ci95_lo,ci95_hi,n_trial_blocks,jsr_per_block,bootstrap_replicates,status
fixed,BR+NA,correct_retained_per_input_snn_minus_conv,0.0032593333333333376,0.00308133333333334,0.0034386666666666697,50,3,20000,exploratory_fixed_router_no_multiplicity_adjustment
fixed,BR+PU,correct_retained_per_input_snn_minus_conv,0.0,0.0,0.0,50,3,20000,exploratory_fixed_router_no_multiplicity_adjustment
fixed,NA+PU,correct_retained_per_input_snn_minus_conv,0.016492000000000007,0.016044000000000006,0.01693533333333333,50,3,20000,exploratory_fixed_router_no_multiplicity_adjustment
fixed,NA+SW,correct_retained_per_input_snn_minus_conv,-0.006286666666666668,-0.007162683333333337,-0.005453983333333335,50,3,20000,exploratory_fixed_router_no_multiplicity_adjustment
fixed,SW+PU,correct_retained_per_input_snn_minus_conv,0.04484266666666667,0.019914666666666667,0.07465136666666666,50,3,20000,exploratory_fixed_router_no_multiplicity_adjustment
random,BR+NA,correct_retained_per_input_snn_minus_conv,0.0031806666666666684,0.0024353333333333336,0.004055333333333338,50,3,20000,exploratory_fixed_router_no_multiplicity_adjustment
random,BR+PU,correct_retained_per_input_snn_minus_conv,0.7560086666666668,0.7255067333333334,0.7813175666666666,50,3,20000,exploratory_fixed_router_no_multiplicity_adjustment
random,NA+PU,correct_retained_per_input_snn_minus_conv,0.6801233333333334,0.65783365,0.7008077166666667,50,3,20000,exploratory_fixed_router_no_multiplicity_adjustment
random,NA+SW,correct_retained_per_input_snn_minus_conv,-2.5333333333335018e-05,-0.0009147333333333347,0.0008980166666666647,50,3,20000,exploratory_fixed_router_no_multiplicity_adjustment
random,SW+PU,correct_retained_per_input_snn_minus_conv,0.6831206666666668,0.6580229333333332,0.7050594833333331,50,3,20000,exploratory_fixed_router_no_multiplicity_adjustment
