condition,compound,arm,n_frames,input_symbols,retained_symbols,retained_bit_errors,retention,zero_output_frames,zero_output_fraction,conditional_ber_micro,conditional_ber_macro_nonempty,correct_retained_per_input,observed_error_per_input,erased_per_input,legacy_mean_score_including_empty_penalty
fixed,BR+NA,snn,150,1500000,1500000,260957,1.0,0,0.0,0.17397133333333334,0.1739713333333333,0.8260286666666666,0.17397133333333334,0.0,0.1739713333333333
fixed,BR+NA,conv,150,1500000,1500000,265846,1.0,0,0.0,0.17723066666666668,0.17723066666666668,0.8227693333333334,0.17723066666666668,0.0,0.17723066666666668
fixed,BR+PU,snn,150,1500000,1500000,307093,1.0,0,0.0,0.20472866666666667,0.20472866666666667,0.7952713333333333,0.20472866666666667,0.0,0.20472866666666667
fixed,BR+PU,conv,150,1500000,1500000,307093,1.0,0,0.0,0.20472866666666667,0.20472866666666667,0.7952713333333333,0.20472866666666667,0.0,0.20472866666666667
fixed,NA+PU,snn,150,1500000,1169045,461,0.7793633333333334,0,0.0,0.0003943389689875069,0.0004052653061481949,0.779056,0.00030733333333333334,0.2206366666666666,0.0004052653061481949
fixed,NA+PU,conv,150,1500000,1146535,2689,0.7643566666666667,0,0.0,0.0023453274431221027,0.002391273349444136,0.762564,0.0017926666666666666,0.23564333333333332,0.002391273349444136
fixed,NA+SW,snn,150,1500000,1500000,16611,1.0,0,0.0,0.011074,0.011073999999999999,0.988926,0.011074,0.0,0.011073999999999999
fixed,NA+SW,conv,150,1500000,1500000,7181,1.0,0,0.0,0.0047873333333333335,0.004787333333333333,0.9952126666666666,0.0047873333333333335,0.0,0.004787333333333333
fixed,SW+PU,snn,150,1500000,1171995,8386,0.78133,0,0.0,0.007155320628500975,0.0072219521262720625,0.7757393333333333,0.0055906666666666665,0.21867000000000003,0.0072219521262720625
fixed,SW+PU,conv,150,1500000,1104025,7680,0.7360166666666667,9,0.06,0.006956364212766921,0.007019858952005725,0.7308966666666666,0.00512,0.26398333333333335,0.03659866741488538
random,BR+NA,snn,150,1500000,1500000,265272,1.0,0,0.0,0.176848,0.176848,0.823152,0.176848,0.0,0.176848
random,BR+NA,conv,150,1500000,1500000,270043,1.0,0,0.0,0.18002866666666667,0.18002866666666667,0.8199713333333334,0.18002866666666667,0.0,0.18002866666666667
random,BR+PU,snn,150,1500000,1500000,313520,1.0,0,0.0,0.20901333333333333,0.20901333333333333,0.7909866666666666,0.20901333333333333,0.0,0.20901333333333333
random,BR+PU,conv,150,1500000,60000,7533,0.04,144,0.96,0.12555,0.12554999999999997,0.034978,0.005022,0.96,0.48502199999999995
random,NA+PU,snn,150,1500000,1030315,4129,0.6868766666666666,0,0.0,0.004007512265666325,0.004013313342035229,0.684124,0.0027526666666666667,0.3131233333333334,0.004013313342035229
random,NA+PU,conv,150,1500000,6050,49,0.004033333333333333,149,0.9933333333333333,0.008099173553719008,0.008099173553719008,0.004000666666666666,3.266666666666666e-05,0.9959666666666667,0.4967206611570248
random,NA+SW,snn,150,1500000,1500000,1966,1.0,0,0.0,0.0013106666666666666,0.0013106666666666666,0.9986893333333333,0.0013106666666666666,0.0,0.0013106666666666666
random,NA+SW,conv,150,1500000,1500000,1928,1.0,0,0.0,0.0012853333333333334,0.0012853333333333334,0.9987146666666666,0.0012853333333333334,0.0,0.0012853333333333334
random,SW+PU,snn,150,1500000,1040430,3850,0.69362,0,0.0,0.0037003931066962696,0.0038181120931512847,0.6910533333333333,0.0025666666666666667,0.30638,0.0038181120931512847
random,SW+PU,conv,150,1500000,11955,56,0.00797,148,0.9866666666666667,0.004684232538686742,0.004683610198024374,0.007932666666666666,3.733333333333333e-05,0.99203,0.49339578146930707
