condition,case,method,n_streams,n_words,n_symbols,failed_words,useful_bits,decoder_failures,crc_rejections,wrong_returns,undetected_wrong,over_budget_words,crc_accepted_words,bler,goodput,mean_stream_bler,correct_retained_fraction,mean_stream_correct_retained,retained_ber,mean_rf_calls,mean_ale_samples,first_word_bler,first_nb_correct,crossing_words,crossing_word_bler,mean_buffer_extra_ms,max_buffer_extra_ms
fixed,clean,analog_delta__current_guard8__block_refine2,60,483,1110000,0,598920,0,0,0,0,0,483,0.0,0.5395675675675675,0.0,1.0,1.0,0.0,5.0,0.0,0.0,,0,,2.447142857142857,4.989999999999999
fixed,clean,analog_delta__current_periodic__block_refine2,60,483,1110000,0,598920,0,0,0,0,0,483,0.0,0.5395675675675675,0.0,1.0,1.0,0.0,37.0,0.0,0.0,,0,,2.447142857142857,4.989999999999999
fixed,clean,analog_delta__lag_guard8__block_refine2,60,483,1110000,0,598920,0,0,0,0,0,483,0.0,0.5395675675675675,0.0,1.0,1.0,0.0,5.0,0.0,0.0,,0,,2.447142857142857,4.989999999999999
fixed,clean,analog_delta__lag_periodic__block_refine2,60,483,1110000,0,598920,0,0,0,0,0,483,0.0,0.5395675675675675,0.0,1.0,1.0,0.0,37.0,0.0,0.0,,0,,2.447142857142857,4.989999999999999
fixed,clean,analog_delta__refresh_guard8__block_refine2,60,483,1110000,0,598920,0,0,0,0,0,483,0.0,0.5395675675675675,0.0,1.0,1.0,0.0,6.016666666666667,0.0,0.0,,0,,2.447142857142857,4.989999999999999
fixed,clean,analog_delta__rescue_guard8__block_refine2,60,483,1110000,0,598920,0,0,0,0,0,483,0.0,0.5395675675675675,0.0,1.0,1.0,0.0,6.016666666666667,10000.0,0.0,,0,,2.447142857142857,4.989999999999999
fixed,clean,analog_delta__rescue_periodic__block_refine2,60,483,1110000,0,598920,0,0,0,0,0,483,0.0,0.5395675675675675,0.0,1.0,1.0,0.0,37.0,10000.0,0.0,,0,,2.447142857142857,4.989999999999999
fixed,clean,raw__raw__block_refine2,60,483,1110000,0,598920,0,0,0,0,0,483,0.0,0.5395675675675675,0.0,1.0,1.0,0.0,0.0,0.0,0.0,,0,,2.447142857142857,4.989999999999999
fixed,clean,rule__rule__block_refine2,60,483,1110000,0,598920,0,0,0,0,0,483,0.0,0.5395675675675675,0.0,1.0,1.0,0.0,0.0,185000.0,0.0,,0,,2.447142857142857,4.989999999999999
fixed,clean,spike__current_guard8__block_refine2,60,483,1110000,0,598920,0,0,0,0,0,483,0.0,0.5395675675675675,0.0,1.0,1.0,0.0,6.133333333333334,0.0,0.0,,0,,2.447142857142857,4.989999999999999
fixed,clean,spike__current_periodic__block_refine2,60,483,1110000,0,598920,0,0,0,0,0,483,0.0,0.5395675675675675,0.0,1.0,1.0,0.0,37.0,0.0,0.0,,0,,2.447142857142857,4.989999999999999
fixed,clean,spike__lag_guard8__block_refine2,60,483,1110000,0,598920,0,0,0,0,0,483,0.0,0.5395675675675675,0.0,1.0,1.0,0.0,6.133333333333334,0.0,0.0,,0,,2.447142857142857,4.989999999999999
fixed,clean,spike__lag_periodic__block_refine2,60,483,1110000,0,598920,0,0,0,0,0,483,0.0,0.5395675675675675,0.0,1.0,1.0,0.0,37.0,0.0,0.0,,0,,2.447142857142857,4.989999999999999
fixed,clean,spike__refresh_guard8__block_refine2,60,483,1110000,0,598920,0,0,0,0,0,483,0.0,0.5395675675675675,0.0,1.0,1.0,0.0,7.066666666666666,0.0,0.0,,0,,2.447142857142857,4.989999999999999
fixed,clean,spike__rescue_guard8__block_refine2,60,483,1110000,0,598920,0,0,0,0,0,483,0.0,0.5395675675675675,0.0,1.0,1.0,0.0,7.066666666666666,10000.0,0.0,,0,,2.447142857142857,4.989999999999999
fixed,clean,spike__rescue_periodic__block_refine2,60,483,1110000,0,598920,0,0,0,0,0,483,0.0,0.5395675675675675,0.0,1.0,1.0,0.0,37.0,10000.0,0.0,,0,,2.447142857142857,4.989999999999999
fixed,high_duty,analog_delta__current_guard8__block_refine2,60,484,1110000,72,510880,71,1,1,0,42,412,0.1487603305785124,0.46025225225225225,0.14907407407407405,0.9246990990990991,0.9246990990990992,0.0030924630924630925,5.95,129500.0,0.0,0.9923444444444445,300,0.13333333333333333,2.477954545454546,4.989999999999999
fixed,high_duty,analog_delta__current_periodic__block_refine2,60,484,1110000,71,512120,70,1,1,0,42,413,0.14669421487603307,0.46136936936936934,0.14699074074074073,0.9253558558558559,0.9253558558558559,0.002322405433127156,37.0,120000.0,0.0,0.9950777777777778,300,0.13333333333333333,2.477954545454546,4.989999999999999
fixed,high_duty,analog_delta__lag_guard8__block_refine2,60,484,1110000,92,486080,89,3,3,0,40,392,0.19008264462809918,0.4379099099099099,0.1900462962962963,0.9201828828828829,0.920182882882883,0.009377618633810248,5.95,129500.0,0.13333333333333333,0.9586666666666666,300,0.19333333333333333,2.477954545454546,4.989999999999999
fixed,high_duty,analog_delta__lag_periodic__block_refine2,60,484,1110000,92,486080,89,3,3,0,40,392,0.19008264462809918,0.4379099099099099,0.1900462962962963,0.920881981981982,0.920881981981982,0.00859423494723774,37.0,120000.0,0.13333333333333333,0.9614444444444443,300,0.19333333333333333,2.477954545454546,4.989999999999999
fixed,high_duty,analog_delta__refresh_guard8__block_refine2,60,484,1110000,71,512120,70,1,1,0,42,413,0.14669421487603307,0.46136936936936934,0.14699074074074073,0.9253108108108108,0.9253108108108108,0.0023011975163774547,15.0,120000.0,0.0,0.9950777777777778,300,0.13333333333333333,2.477954545454546,4.989999999999999
fixed,high_duty,analog_delta__rescue_guard8__block_refine2,60,484,1110000,74,508400,73,1,1,0,40,410,0.15289256198347106,0.458018018018018,0.1532407407407407,0.9252396396396396,0.9252396396396397,0.004721442637185431,15.0,140000.0,0.0,0.9973,300,0.14333333333333334,2.477954545454546,4.989999999999999
fixed,high_duty,analog_delta__rescue_periodic__block_refine2,60,484,1110000,74,508400,73,1,1,0,40,410,0.15289256198347106,0.458018018018018,0.1532407407407407,0.9252783783783783,0.9252783783783783,0.004741499604632773,37.0,140000.0,0.0,0.9973,300,0.14333333333333334,2.477954545454546,4.989999999999999
fixed,high_duty,raw__raw__block_refine2,60,484,1110000,203,348440,203,0,0,0,0,281,0.4194214876033058,0.3139099099099099,0.418287037037037,0.8907927927927928,0.8907927927927929,0.10920720720720721,0.0,0.0,0.15,0.7952611111111111,300,0.4633333333333333,2.477954545454546,4.989999999999999
fixed,high_duty,rule__rule__block_refine2,60,484,1110000,78,503440,78,0,0,0,34,406,0.16115702479338842,0.45354954954954957,0.1611111111111111,0.9249747747747747,0.9249747747747747,0.00884079236977256,0.0,185000.0,0.0,0.9972611111111112,300,0.15666666666666668,2.477954545454546,4.989999999999999
fixed,high_duty,spike__current_guard8__block_refine2,60,484,1110000,96,481120,95,1,1,0,42,388,0.19834710743801653,0.4334414414414414,0.19837962962962966,0.9180648648648648,0.9180648648648648,0.012117663481821566,5.95,117916.66666666667,0.11666666666666667,0.9432055555555556,300,0.19333333333333333,2.477954545454546,4.989999999999999
fixed,high_duty,spike__current_periodic__block_refine2,60,484,1110000,71,512120,70,1,1,0,42,413,0.14669421487603307,0.46136936936936934,0.14699074074074073,0.9253297297297297,0.9253297297297297,0.0024125874125874125,37.0,120000.0,0.0,0.9950777777777778,300,0.13333333333333333,2.477954545454546,4.989999999999999
fixed,high_duty,spike__lag_guard8__block_refine2,60,484,1110000,112,461280,110,2,2,0,40,372,0.23140495867768596,0.4155675675675676,0.23125,0.9140234234234235,0.9140234234234236,0.01850640807355354,5.95,117833.33333333333,0.13333333333333333,0.9111166666666667,300,0.23333333333333334,2.477954545454546,4.989999999999999
fixed,high_duty,spike__lag_periodic__block_refine2,60,484,1110000,92,486080,89,3,3,0,41,392,0.19008264462809918,0.4379099099099099,0.1900462962962963,0.9208621621621622,0.9208621621621623,0.008661724314510498,37.0,120000.0,0.13333333333333333,0.9614444444444443,300,0.19333333333333333,2.477954545454546,4.989999999999999
fixed,high_duty,spike__refresh_guard8__block_refine2,60,484,1110000,71,512120,70,1,1,0,42,413,0.14669421487603307,0.46136936936936934,0.14699074074074073,0.9252639639639639,0.925263963963964,0.002390471528036802,15.316666666666666,120000.0,0.0,0.9950777777777778,300,0.13333333333333333,2.477954545454546,4.989999999999999
fixed,high_duty,spike__rescue_guard8__block_refine2,60,484,1110000,74,508400,73,1,1,0,40,410,0.15289256198347106,0.458018018018018,0.1532407407407407,0.9252036036036037,0.9252036036036037,0.0047679223487638285,15.316666666666666,140000.0,0.0,0.9973,300,0.14333333333333334,2.477954545454546,4.989999999999999
fixed,high_duty,spike__rescue_periodic__block_refine2,60,484,1110000,74,508400,74,0,0,0,40,410,0.15289256198347106,0.458018018018018,0.1532407407407407,0.9252504504504504,0.9252504504504505,0.0047792550098841044,37.0,140000.0,0.0,0.9973,300,0.14333333333333334,2.477954545454546,4.989999999999999
fixed,low_snr,analog_delta__current_guard8__block_refine2,60,487,1110000,10,591480,8,2,2,0,0,477,0.02053388090349076,0.5328648648648648,0.02013888888888889,0.9458027027027027,0.9458027027027028,0.0013688075488927783,6.0,143750.0,0.0,0.99495,299,0.006688963210702341,2.4316427104722793,4.989999999999999
fixed,low_snr,analog_delta__current_periodic__block_refine2,60,487,1110000,12,589000,11,1,1,0,1,475,0.024640657084188913,0.5306306306306307,0.02430555555555556,0.9459666666666666,0.9459666666666667,0.0011348761814888662,37.0,136250.0,0.0,0.9948944444444444,299,0.013377926421404682,2.4316427104722793,4.989999999999999
fixed,low_snr,analog_delta__lag_guard8__block_refine2,60,487,1110000,39,555520,37,2,2,0,1,448,0.08008213552361396,0.5004684684684685,0.08009259259259259,0.9405270270270271,0.9405270270270271,0.006886258304604918,6.0,142500.0,0.23333333333333334,0.9645388888888888,299,0.09364548494983277,2.4316427104722793,4.989999999999999
fixed,low_snr,analog_delta__lag_periodic__block_refine2,60,487,1110000,40,554280,37,3,3,0,0,447,0.08213552361396304,0.49935135135135134,0.08217592592592592,0.9404045045045045,0.9404045045045045,0.0069476155684430035,37.0,134916.66666666666,0.23333333333333334,0.9629388888888888,299,0.09698996655518395,2.4316427104722793,4.989999999999999
fixed,low_snr,analog_delta__refresh_guard8__block_refine2,60,487,1110000,11,590240,9,2,2,0,0,476,0.022587268993839837,0.5317477477477478,0.022222222222222223,0.9459945945945946,0.9459945945945947,0.0011129882879386316,14.85,134500.0,0.0,0.9948111111111112,299,0.010033444816053512,2.4316427104722793,4.989999999999999
fixed,low_snr,analog_delta__rescue_guard8__block_refine2,60,487,1110000,23,575360,21,2,2,0,0,464,0.04722792607802875,0.5183423423423423,0.04722222222222223,0.9442,0.9441999999999999,0.004000866696063375,14.85,149916.66666666666,0.0,0.9966166666666666,299,0.03678929765886288,2.4316427104722793,4.989999999999999
fixed,low_snr,analog_delta__rescue_periodic__block_refine2,60,487,1110000,23,575360,21,2,2,0,0,464,0.04722792607802875,0.5183423423423423,0.04722222222222223,0.9442522522522523,0.9442522522522522,0.0039911813896913485,37.0,151666.66666666666,0.0,0.9967499999999999,299,0.03678929765886288,2.4316427104722793,4.989999999999999
fixed,low_snr,raw__raw__block_refine2,60,487,1110000,246,298840,246,0,0,0,0,241,0.5051334702258727,0.26922522522522524,0.5076388888888889,0.8608927927927927,0.8608927927927927,0.1391072072072072,0.0,0.0,0.3333333333333333,0.7274944444444444,299,0.5618729096989966,2.4316427104722793,4.989999999999999
fixed,low_snr,rule__rule__block_refine2,60,487,1110000,31,565440,31,0,0,0,0,456,0.06365503080082136,0.5094054054054054,0.06388888888888888,0.9409171171171171,0.940917117117117,0.009399352004309854,0.0,185000.0,0.0,0.9966999999999999,299,0.06688963210702341,2.4316427104722793,4.989999999999999
fixed,low_snr,spike__current_guard8__block_refine2,60,487,1110000,44,549320,43,1,1,0,1,443,0.09034907597535935,0.4948828828828829,0.09097222222222223,0.9358306306306307,0.9358306306306307,0.012138433681775992,5.466666666666667,149750.0,0.23333333333333334,0.9380166666666667,299,0.08361204013377926,2.4316427104722793,4.989999999999999
fixed,low_snr,spike__current_periodic__block_refine2,60,487,1110000,13,587760,12,1,1,0,1,474,0.026694045174537988,0.5295135135135135,0.026388888888888892,0.9454072072072072,0.9454072072072073,0.0016724380684196506,37.0,150250.0,0.0,0.9946999999999999,299,0.013377926421404682,2.4316427104722793,4.989999999999999
fixed,low_snr,spike__lag_guard8__block_refine2,60,487,1110000,55,535680,54,1,1,0,1,432,0.11293634496919917,0.4825945945945946,0.1138888888888889,0.9324153153153153,0.9324153153153153,0.016132865377887964,5.466666666666667,147083.33333333334,0.23333333333333334,0.9166833333333333,299,0.09698996655518395,2.4316427104722793,4.989999999999999
fixed,low_snr,spike__lag_periodic__block_refine2,60,487,1110000,31,565440,29,2,2,0,0,456,0.06365503080082136,0.5094054054054054,0.0638888888888889,0.9414864864864865,0.9414864864864866,0.005858022389479532,37.0,147833.33333333334,0.16666666666666666,0.9722388888888888,299,0.06688963210702341,2.4316427104722793,4.989999999999999
fixed,low_snr,spike__refresh_guard8__block_refine2,60,487,1110000,11,590240,9,2,2,0,0,476,0.022587268993839837,0.5317477477477478,0.022222222222222223,0.9453261261261261,0.9453261261261262,0.0017580577647551276,14.716666666666667,151583.33333333334,0.0,0.9946999999999999,299,0.010033444816053512,2.4316427104722793,4.989999999999999
fixed,low_snr,spike__rescue_guard8__block_refine2,60,487,1110000,23,575360,21,2,2,0,0,464,0.04722792607802875,0.5183423423423423,0.04722222222222223,0.9438315315315315,0.9438315315315315,0.0044198254496799405,14.716666666666667,162333.33333333334,0.0,0.9967388888888888,299,0.03678929765886288,2.4316427104722793,4.989999999999999
fixed,low_snr,spike__rescue_periodic__block_refine2,60,487,1110000,23,575360,21,2,2,0,0,464,0.04722792607802875,0.5183423423423423,0.04722222222222223,0.9439198198198199,0.94391981981982,0.004319126937667729,37.0,161000.0,0.0,0.9966388888888889,299,0.03678929765886288,2.4316427104722793,4.989999999999999
fixed,nominal,analog_delta__current_guard8__block_refine2,60,485,1110000,8,591480,7,1,1,0,0,477,0.016494845360824743,0.5328648648648648,0.016435185185185185,0.9453747747747748,0.9453747747747747,0.000520043584605186,6.0,130000.0,0.0,0.9951722222222222,300,0.006666666666666667,2.4595463917525775,4.96
fixed,nominal,analog_delta__current_periodic__block_refine2,60,485,1110000,8,591480,7,1,1,0,0,477,0.016494845360824743,0.5328648648648648,0.016435185185185185,0.9456054054054054,0.9456054054054054,0.000276213625522901,37.0,120000.0,0.0,0.9951722222222222,300,0.006666666666666667,2.4595463917525775,4.96
fixed,nominal,analog_delta__lag_guard8__block_refine2,60,485,1110000,34,559240,30,4,4,0,3,451,0.07010309278350516,0.5038198198198198,0.0699074074074074,0.9390459459459459,0.9390459459459458,0.006658547184483784,6.0,130000.0,0.15,0.9608777777777777,300,0.09333333333333334,2.4595463917525775,4.96
fixed,nominal,analog_delta__lag_periodic__block_refine2,60,485,1110000,34,559240,30,4,4,0,3,451,0.07010309278350516,0.5038198198198198,0.0699074074074074,0.9393009009009009,0.9393009009009007,0.006388850769254228,37.0,120000.0,0.15,0.9608777777777777,300,0.09333333333333334,2.4595463917525775,4.96
fixed,nominal,analog_delta__refresh_guard8__block_refine2,60,485,1110000,8,591480,7,1,1,0,0,477,0.016494845360824743,0.5328648648648648,0.016435185185185185,0.9456054054054054,0.9456054054054054,0.000276213625522901,15.4,120000.0,0.0,0.9951722222222222,300,0.006666666666666667,2.4595463917525775,4.96
fixed,nominal,analog_delta__rescue_guard8__block_refine2,60,485,1110000,18,579080,16,2,2,0,1,467,0.03711340206185567,0.5216936936936937,0.03726851851851852,0.9439045045045045,0.9439045045045044,0.0026748046726267536,15.4,140000.0,0.0,0.99685,300,0.03666666666666667,2.4595463917525775,4.96
fixed,nominal,analog_delta__rescue_periodic__block_refine2,60,485,1110000,18,579080,16,2,2,0,1,467,0.03711340206185567,0.5216936936936937,0.03726851851851852,0.9439045045045045,0.9439045045045044,0.0026748046726267536,37.0,140000.0,0.0,0.99685,300,0.03666666666666667,2.4595463917525775,4.96
fixed,nominal,raw__raw__block_refine2,60,485,1110000,199,354640,199,0,0,0,0,286,0.41030927835051545,0.3194954954954955,0.41064814814814815,0.8893414414414414,0.8893414414414414,0.11065855855855856,0.0,0.0,0.15,0.7884444444444444,300,0.48,2.4595463917525775,4.96
fixed,nominal,rule__rule__block_refine2,60,485,1110000,24,571640,24,0,0,0,0,461,0.049484536082474224,0.514990990990991,0.04953703703703704,0.941654054054054,0.9416540540540538,0.007320427297178198,0.0,185000.0,0.0,0.9971833333333334,300,0.05,2.4595463917525775,4.96
fixed,nominal,spike__current_guard8__block_refine2,60,485,1110000,38,554280,37,1,1,0,3,447,0.07835051546391752,0.49935135135135134,0.07800925925925925,0.9373684684684684,0.9373684684684686,0.009626001340196765,6.016666666666667,115916.66666666667,0.06666666666666667,0.9459611111111111,300,0.07666666666666666,2.4595463917525775,4.96
fixed,nominal,spike__current_periodic__block_refine2,60,485,1110000,8,591480,7,1,1,0,0,477,0.016494845360824743,0.5328648648648648,0.016435185185185185,0.9456054054054054,0.9456054054054054,0.000276213625522901,37.0,120000.0,0.0,0.9951722222222222,300,0.006666666666666667,2.4595463917525775,4.96
fixed,nominal,spike__lag_guard8__block_refine2,60,485,1110000,55,533200,53,2,2,0,2,430,0.1134020618556701,0.48036036036036034,0.11319444444444444,0.9327765765765765,0.9327765765765765,0.01603602165252562,6.016666666666667,115916.66666666667,0.15,0.9144999999999999,300,0.13,2.4595463917525775,4.96
fixed,nominal,spike__lag_periodic__block_refine2,60,485,1110000,34,559240,30,4,4,0,3,451,0.07010309278350516,0.5038198198198198,0.0699074074074074,0.9393009009009009,0.9393009009009007,0.006388850769254228,37.0,120000.0,0.15,0.9608777777777777,300,0.09333333333333334,2.4595463917525775,4.96
fixed,nominal,spike__refresh_guard8__block_refine2,60,485,1110000,8,591480,7,1,1,0,0,477,0.016494845360824743,0.5328648648648648,0.016435185185185185,0.9456054054054054,0.9456054054054054,0.000276213625522901,15.533333333333333,120000.0,0.0,0.9951722222222222,300,0.006666666666666667,2.4595463917525775,4.96
fixed,nominal,spike__rescue_guard8__block_refine2,60,485,1110000,18,579080,16,2,2,0,1,467,0.03711340206185567,0.5216936936936937,0.03726851851851852,0.9439045045045045,0.9439045045045044,0.0026748046726267536,15.533333333333333,140000.0,0.0,0.99685,300,0.03666666666666667,2.4595463917525775,4.96
fixed,nominal,spike__rescue_periodic__block_refine2,60,485,1110000,18,579080,16,2,2,0,1,467,0.03711340206185567,0.5216936936936937,0.03726851851851852,0.9439045045045045,0.9439045045045044,0.0026748046726267536,37.0,140000.0,0.0,0.99685,300,0.03666666666666667,2.4595463917525775,4.96
fixed,short_dwell,analog_delta__current_guard8__block_refine2,60,214,570000,5,259160,5,0,0,0,0,209,0.02336448598130841,0.45466666666666666,0.027777777777777776,0.9450614035087719,0.945061403508772,0.004902658038678166,3.0,77666.66666666667,0.05,0.9765222222222222,214,0.02336448598130841,2.5274299065420562,4.91
fixed,short_dwell,analog_delta__current_periodic__block_refine2,60,214,570000,0,265360,0,0,0,0,0,214,0.0,0.4655438596491228,0.0,0.9465,0.9465,0.00030203754901161455,19.0,58666.666666666664,0.0,0.9908777777777777,214,0.0,2.5274299065420562,4.91
fixed,short_dwell,analog_delta__lag_guard8__block_refine2,60,214,570000,24,235600,24,0,0,0,0,190,0.11214953271028037,0.41333333333333333,0.11527777777777777,0.9366701754385965,0.9366701754385965,0.015231665928877085,3.0,72750.0,0.35,0.9208333333333332,214,0.11214953271028037,2.5274299065420562,4.91
fixed,short_dwell,analog_delta__lag_periodic__block_refine2,60,214,570000,20,240560,20,0,0,0,0,194,0.09345794392523364,0.42203508771929826,0.09444444444444443,0.9365298245614035,0.9365298245614038,0.010678596844976872,19.0,58666.666666666664,0.3333333333333333,0.9301555555555556,214,0.09345794392523364,2.5274299065420562,4.91
fixed,short_dwell,analog_delta__refresh_guard8__block_refine2,60,214,570000,0,265360,0,0,0,0,0,214,0.0,0.4655438596491228,0.0,0.9465,0.9465,0.00030203754901161455,12.133333333333333,58666.666666666664,0.0,0.9908777777777777,214,0.0,2.5274299065420562,4.91
fixed,short_dwell,analog_delta__rescue_guard8__block_refine2,60,214,570000,9,254200,9,0,0,0,0,205,0.04205607476635514,0.44596491228070173,0.04027777777777777,0.9434438596491228,0.9434438596491229,0.004962577135508701,12.133333333333333,80000.0,0.016666666666666666,0.9936777777777778,214,0.04205607476635514,2.5274299065420562,4.91
fixed,short_dwell,analog_delta__rescue_periodic__block_refine2,60,214,570000,9,254200,9,0,0,0,0,205,0.04205607476635514,0.44596491228070173,0.04027777777777777,0.9434438596491228,0.9434438596491229,0.004962577135508701,19.0,80000.0,0.016666666666666666,0.9936777777777778,214,0.04205607476635514,2.5274299065420562,4.91
fixed,short_dwell,raw__raw__block_refine2,60,214,570000,92,151280,92,0,0,0,0,122,0.42990654205607476,0.2654035087719298,0.43611111111111106,0.9046982456140351,0.9046982456140351,0.09530175438596492,0.0,0.0,0.5166666666666667,0.8159,214,0.42990654205607476,2.5274299065420562,4.91
fixed,short_dwell,rule__rule__block_refine2,60,214,570000,9,254200,9,0,0,0,0,205,0.04205607476635514,0.44596491228070173,0.04027777777777777,0.942140350877193,0.942140350877193,0.007237468457393217,0.0,95000.0,0.016666666666666666,0.9940333333333334,214,0.04205607476635514,2.5274299065420562,4.91
fixed,short_dwell,spike__current_guard8__block_refine2,60,214,570000,23,236840,23,0,0,0,0,191,0.10747663551401869,0.41550877192982455,0.11111111111111112,0.9442947368421053,0.9442947368421052,0.021027302208585164,3.1333333333333333,66583.33333333333,0.2,0.9358777777777777,214,0.10747663551401869,2.5274299065420562,4.91
fixed,short_dwell,spike__current_periodic__block_refine2,60,214,570000,0,265360,0,0,0,0,0,214,0.0,0.4655438596491228,0.0,0.9465,0.9465,0.00030203754901161455,19.0,59333.333333333336,0.0,0.9908777777777777,214,0.0,2.5274299065420562,4.91
fixed,short_dwell,spike__lag_guard8__block_refine2,60,214,570000,40,215760,40,0,0,0,0,174,0.18691588785046728,0.3785263157894737,0.18888888888888886,0.9392877192982456,0.9392877192982457,0.03178122422997352,3.1333333333333333,61916.666666666664,0.4166666666666667,0.8946222222222222,214,0.18691588785046728,2.5274299065420562,4.91
fixed,short_dwell,spike__lag_periodic__block_refine2,60,214,570000,20,240560,20,0,0,0,0,194,0.09345794392523364,0.42203508771929826,0.09444444444444443,0.9365035087719298,0.9365035087719299,0.010706396038429605,19.0,59333.333333333336,0.3333333333333333,0.9301555555555556,214,0.09345794392523364,2.5274299065420562,4.91
fixed,short_dwell,spike__refresh_guard8__block_refine2,60,214,570000,0,265360,0,0,0,0,0,214,0.0,0.4655438596491228,0.0,0.9465,0.9465,0.00030203754901161455,12.183333333333334,59333.333333333336,0.0,0.9908777777777777,214,0.0,2.5274299065420562,4.91
fixed,short_dwell,spike__rescue_guard8__block_refine2,60,214,570000,9,254200,9,0,0,0,0,205,0.04205607476635514,0.44596491228070173,0.04027777777777777,0.9434438596491228,0.9434438596491229,0.004962577135508701,12.183333333333334,80000.0,0.016666666666666666,0.9936777777777778,214,0.04205607476635514,2.5274299065420562,4.91
fixed,short_dwell,spike__rescue_periodic__block_refine2,60,214,570000,9,254200,9,0,0,0,0,205,0.04205607476635514,0.44596491228070173,0.04027777777777777,0.9434438596491228,0.9434438596491229,0.004962577135508701,19.0,80000.0,0.016666666666666666,0.9936777777777778,214,0.04205607476635514,2.5274299065420562,4.91
fixed,strong_pulse,analog_delta__current_guard8__block_refine2,60,482,1110000,29,561720,25,4,4,0,1,453,0.06016597510373444,0.506054054054054,0.059953703703703703,0.9393486486486486,0.9393486486486488,0.002696327867347173,5.933333333333334,128750.0,0.0,0.9854222222222221,299,0.033444816053511704,2.445912863070539,4.989999999999999
fixed,strong_pulse,analog_delta__current_periodic__block_refine2,60,482,1110000,24,567920,20,4,4,0,1,458,0.04979253112033195,0.5116396396396397,0.04953703703703704,0.9413936936936937,0.9413936936936937,0.0004792203916407129,37.0,120000.0,0.0,0.9952999999999999,299,0.016722408026755852,2.445912863070539,4.989999999999999
fixed,strong_pulse,analog_delta__lag_guard8__block_refine2,60,482,1110000,56,528240,53,3,3,0,7,426,0.11618257261410789,0.4758918918918919,0.11597222222222223,0.9329630630630631,0.932963063063063,0.008679412170130647,5.933333333333334,128750.0,0.1,0.9532333333333334,299,0.09698996655518395,2.445912863070539,4.989999999999999
fixed,strong_pulse,analog_delta__lag_periodic__block_refine2,60,482,1110000,55,529480,52,3,3,0,7,427,0.11410788381742738,0.477009009009009,0.1138888888888889,0.9346828828828829,0.9346828828828831,0.006463981736139308,37.0,120000.0,0.1,0.9620333333333332,299,0.09364548494983277,2.445912863070539,4.989999999999999
fixed,strong_pulse,analog_delta__refresh_guard8__block_refine2,60,482,1110000,24,567920,20,4,4,0,1,458,0.04979253112033195,0.5116396396396397,0.04953703703703704,0.9413936936936937,0.9413936936936937,0.0004792203916407129,16.016666666666666,120000.0,0.0,0.9952999999999999,299,0.016722408026755852,2.445912863070539,4.989999999999999
fixed,strong_pulse,analog_delta__rescue_guard8__block_refine2,60,482,1110000,59,524520,54,5,5,0,1,423,0.12240663900414937,0.47254054054054057,0.1224537037037037,0.9361297297297297,0.9361297297297297,0.008723126588364586,16.016666666666666,140000.0,0.0,0.9968555555555554,299,0.10702341137123746,2.445912863070539,4.989999999999999
fixed,strong_pulse,analog_delta__rescue_periodic__block_refine2,60,482,1110000,59,524520,54,5,5,0,1,423,0.12240663900414937,0.47254054054054057,0.1224537037037037,0.9361297297297297,0.9361297297297297,0.008723126588364586,37.0,140000.0,0.0,0.9968555555555554,299,0.10702341137123746,2.445912863070539,4.989999999999999
fixed,strong_pulse,raw__raw__block_refine2,60,482,1110000,188,364560,188,0,0,0,0,294,0.3900414937759336,0.3284324324324324,0.38935185185185184,0.891663963963964,0.8916639639639641,0.10833603603603603,0.0,0.0,0.1,0.7978444444444445,299,0.43478260869565216,2.445912863070539,4.989999999999999
fixed,strong_pulse,rule__rule__block_refine2,60,482,1110000,62,520800,62,0,0,0,0,420,0.12863070539419086,0.46918918918918917,0.12847222222222224,0.9269567567567567,0.9269567567567569,0.024651919372696524,0.0,185000.0,0.0,0.9970222222222221,299,0.15719063545150502,2.445912863070539,4.989999999999999
fixed,strong_pulse,spike__current_guard8__block_refine2,60,482,1110000,53,531960,48,5,5,0,2,429,0.10995850622406639,0.47924324324324324,0.10949074074074075,0.9291378378378379,0.9291378378378378,0.014494817068509486,6.066666666666666,114500.0,0.05,0.9216888888888888,299,0.07692307692307693,2.445912863070539,4.989999999999999
fixed,strong_pulse,spike__current_periodic__block_refine2,60,482,1110000,24,567920,20,4,4,0,1,458,0.04979253112033195,0.5116396396396397,0.04953703703703704,0.9413936936936937,0.9413936936936937,0.0004792203916407129,37.0,120000.0,0.0,0.9952999999999999,299,0.016722408026755852,2.445912863070539,4.989999999999999
fixed,strong_pulse,spike__lag_guard8__block_refine2,60,482,1110000,74,505920,70,4,4,0,5,408,0.15352697095435686,0.45578378378378376,0.15324074074074073,0.9243351351351351,0.924335135135135,0.020554745194473933,6.066666666666666,114416.66666666667,0.1,0.8942833333333333,299,0.13377926421404682,2.445912863070539,4.989999999999999
fixed,strong_pulse,spike__lag_periodic__block_refine2,60,482,1110000,55,529480,52,3,3,0,7,427,0.11410788381742738,0.477009009009009,0.1138888888888889,0.9346828828828829,0.9346828828828831,0.006463981736139308,37.0,120000.0,0.1,0.9620333333333332,299,0.09364548494983277,2.445912863070539,4.989999999999999
fixed,strong_pulse,spike__refresh_guard8__block_refine2,60,482,1110000,24,567920,20,4,4,0,1,458,0.04979253112033195,0.5116396396396397,0.04953703703703704,0.9413936936936937,0.9413936936936937,0.0004792203916407129,16.083333333333332,120000.0,0.0,0.9952999999999999,299,0.016722408026755852,2.445912863070539,4.989999999999999
fixed,strong_pulse,spike__rescue_guard8__block_refine2,60,482,1110000,59,524520,54,5,5,0,1,423,0.12240663900414937,0.47254054054054057,0.1224537037037037,0.9361297297297297,0.9361297297297297,0.008723126588364586,16.083333333333332,140000.0,0.0,0.9968555555555554,299,0.10702341137123746,2.445912863070539,4.989999999999999
fixed,strong_pulse,spike__rescue_periodic__block_refine2,60,482,1110000,59,524520,54,5,5,0,1,423,0.12240663900414937,0.47254054054054057,0.1224537037037037,0.9361297297297297,0.9361297297297297,0.008723126588364586,37.0,140000.0,0.0,0.9968555555555554,299,0.10702341137123746,2.445912863070539,4.989999999999999
random,clean,analog_delta__current_guard8__block_refine2,60,481,1110500,0,596440,0,0,0,0,0,481,0.0,0.5370914002701486,0.0,1.0,1.0,0.0,5.0,0.0,0.0,,0,,2.5870270270270272,4.989999999999999
random,clean,analog_delta__current_periodic__block_refine2,60,481,1110500,0,596440,0,0,0,0,0,481,0.0,0.5370914002701486,0.0,1.0,1.0,0.0,37.016666666666666,0.0,0.0,,0,,2.5870270270270272,4.989999999999999
random,clean,analog_delta__lag_guard8__block_refine2,60,481,1110500,0,596440,0,0,0,0,0,481,0.0,0.5370914002701486,0.0,1.0,1.0,0.0,5.0,0.0,0.0,,0,,2.5870270270270272,4.989999999999999
random,clean,analog_delta__lag_periodic__block_refine2,60,481,1110500,0,596440,0,0,0,0,0,481,0.0,0.5370914002701486,0.0,1.0,1.0,0.0,37.016666666666666,0.0,0.0,,0,,2.5870270270270272,4.989999999999999
random,clean,analog_delta__refresh_guard8__block_refine2,60,481,1110500,0,596440,0,0,0,0,0,481,0.0,0.5370914002701486,0.0,1.0,1.0,0.0,5.983333333333333,0.0,0.0,,0,,2.5870270270270272,4.989999999999999
random,clean,analog_delta__rescue_guard8__block_refine2,60,481,1110500,0,596440,0,0,0,0,0,481,0.0,0.5370914002701486,0.0,1.0,1.0,0.0,5.983333333333333,10000.0,0.0,,0,,2.5870270270270272,4.989999999999999
random,clean,analog_delta__rescue_periodic__block_refine2,60,481,1110500,0,596440,0,0,0,0,0,481,0.0,0.5370914002701486,0.0,1.0,1.0,0.0,37.016666666666666,10000.0,0.0,,0,,2.5870270270270272,4.989999999999999
random,clean,raw__raw__block_refine2,60,481,1110500,0,596440,0,0,0,0,0,481,0.0,0.5370914002701486,0.0,1.0,1.0,0.0,0.0,0.0,0.0,,0,,2.5870270270270272,4.989999999999999
random,clean,rule__rule__block_refine2,60,481,1110500,0,596440,0,0,0,0,0,481,0.0,0.5370914002701486,0.0,1.0,1.0,0.0,0.0,185083.33333333334,0.0,,0,,2.5870270270270272,4.989999999999999
random,clean,spike__current_guard8__block_refine2,60,481,1110500,0,596440,0,0,0,0,0,481,0.0,0.5370914002701486,0.0,1.0,1.0,0.0,6.233333333333333,0.0,0.0,,0,,2.5870270270270272,4.989999999999999
random,clean,spike__current_periodic__block_refine2,60,481,1110500,0,596440,0,0,0,0,0,481,0.0,0.5370914002701486,0.0,0.9999990995047277,0.9999990740740741,9.004952723998199e-07,37.016666666666666,83.33333333333333,0.0,,0,,2.5870270270270272,4.989999999999999
random,clean,spike__lag_guard8__block_refine2,60,481,1110500,0,596440,0,0,0,0,0,481,0.0,0.5370914002701486,0.0,1.0,1.0,0.0,6.233333333333333,0.0,0.0,,0,,2.5870270270270272,4.989999999999999
random,clean,spike__lag_periodic__block_refine2,60,481,1110500,0,596440,0,0,0,0,0,481,0.0,0.5370914002701486,0.0,0.9999936965330932,0.9999935185185185,6.303466906798739e-06,37.016666666666666,83.33333333333333,0.0,,0,,2.5870270270270272,4.989999999999999
random,clean,spike__refresh_guard8__block_refine2,60,481,1110500,0,596440,0,0,0,0,0,481,0.0,0.5370914002701486,0.0,1.0,1.0,0.0,7.15,0.0,0.0,,0,,2.5870270270270272,4.989999999999999
random,clean,spike__rescue_guard8__block_refine2,60,481,1110500,0,596440,0,0,0,0,0,481,0.0,0.5370914002701486,0.0,1.0,1.0,0.0,7.15,10000.0,0.0,,0,,2.5870270270270272,4.989999999999999
random,clean,spike__rescue_periodic__block_refine2,60,481,1110500,0,596440,0,0,0,0,0,481,0.0,0.5370914002701486,0.0,0.9999990995047277,0.9999990740740741,9.004952723998199e-07,37.016666666666666,10083.333333333334,0.0,,0,,2.5870270270270272,4.989999999999999
random,high_duty,analog_delta__current_guard8__block_refine2,60,482,1104000,85,492280,84,1,1,0,27,397,0.17634854771784234,0.4459057971014493,0.1767989417989418,0.9308822463768116,0.9307500254892214,0.009050410768696726,6.45,127083.33333333333,0.03333333333333333,0.9752150382626297,300,0.19,2.518941908713693,4.989999999999999
random,high_duty,analog_delta__current_periodic__block_refine2,60,482,1104000,79,499720,78,1,1,0,26,403,0.16390041493775934,0.45264492753623187,0.16423280423280423,0.9299873188405797,0.9298456811870375,0.008350783115307644,36.8,117666.66666666667,0.0,0.9755338367430417,300,0.17333333333333334,2.518941908713693,4.989999999999999
random,high_duty,analog_delta__lag_guard8__block_refine2,60,482,1104000,90,486080,88,2,2,0,26,392,0.18672199170124482,0.44028985507246376,0.18757936507936504,0.9326911231884057,0.9325753511192271,0.010194213954489877,6.45,128500.0,0.06666666666666667,0.9873124820397915,300,0.20333333333333334,2.518941908713693,4.989999999999999
random,high_duty,analog_delta__lag_periodic__block_refine2,60,482,1104000,89,487320,87,2,2,0,26,393,0.18464730290456433,0.4414130434782609,0.18549603174603171,0.9326838768115941,0.9325516580340889,0.009615458602646969,36.8,117666.66666666667,0.06666666666666667,0.9877947713302928,300,0.2,2.518941908713693,4.989999999999999
random,high_duty,analog_delta__refresh_guard8__block_refine2,60,482,1104000,79,499720,78,1,1,0,27,403,0.16390041493775934,0.45264492753623187,0.16423280423280423,0.9301376811594203,0.9299892996889236,0.008037156392244144,12.466666666666667,118916.66666666667,0.0,0.9755338367430417,300,0.17333333333333334,2.518941908713693,4.989999999999999
random,high_duty,analog_delta__rescue_guard8__block_refine2,60,482,1104000,79,499720,77,2,2,0,25,403,0.16390041493775934,0.45264492753623187,0.1642328042328042,0.9312599637681159,0.9310821602704383,0.008349987653939937,12.466666666666667,146000.0,0.0,0.9772981202444668,300,0.17333333333333334,2.518941908713693,4.989999999999999
random,high_duty,analog_delta__rescue_periodic__block_refine2,60,482,1104000,79,499720,78,1,1,0,24,403,0.16390041493775934,0.45264492753623187,0.1642328042328042,0.931096920289855,0.9309276820246724,0.00864599728420208,36.8,144750.0,0.0,0.9772981202444668,300,0.17333333333333334,2.518941908713693,4.989999999999999
random,high_duty,raw__raw__block_refine2,60,482,1104000,166,391840,166,0,0,0,0,316,0.34439834024896265,0.35492753623188406,0.3457010582010582,0.9504809782608695,0.9505179397538791,0.049519021739130434,0.0,0.0,0.06666666666666667,0.9504264830405812,300,0.39,2.518941908713693,4.989999999999999
random,high_duty,rule__rule__block_refine2,60,482,1104000,80,498480,79,1,1,0,24,402,0.16597510373443983,0.4515217391304348,0.16714285714285715,0.9325353260869566,0.9324018935347579,0.009750340497241395,0.0,184000.0,0.0,0.977331063894102,300,0.17666666666666667,2.518941908713693,4.989999999999999
random,high_duty,spike__current_guard8__block_refine2,60,482,1104000,96,478640,94,2,2,0,26,386,0.1991701244813278,0.4335507246376812,0.2012037037037037,0.9310625,0.9308488269254497,0.013174720818420608,6.366666666666666,116083.33333333333,0.05,0.9717077173225891,300,0.21333333333333335,2.518941908713693,4.989999999999999
random,high_duty,spike__current_periodic__block_refine2,60,482,1104000,83,494760,81,2,2,0,23,399,0.17219917012448133,0.44815217391304346,0.17279761904761903,0.9333586956521739,0.9332360535739196,0.010239288129341611,36.8,113416.66666666667,0.0,0.9747608602213985,300,0.18666666666666668,2.518941908713693,4.989999999999999
random,high_duty,spike__lag_guard8__block_refine2,60,482,1104000,99,474920,98,1,1,0,26,383,0.2053941908713693,0.43018115942028984,0.20669312169312165,0.9331005434782609,0.9329994395375253,0.013862404080319808,6.133333333333334,118666.66666666667,0.06666666666666667,0.972449269018862,300,0.22333333333333333,2.518941908713693,4.989999999999999
random,high_duty,spike__lag_periodic__block_refine2,60,482,1104000,94,481120,93,1,1,0,23,388,0.1950207468879668,0.43579710144927536,0.19591269841269837,0.9361141304347826,0.9360140319164583,0.011321108500493636,36.8,113416.66666666667,0.06666666666666667,0.9867104494248709,300,0.21666666666666667,2.518941908713693,4.989999999999999
random,high_duty,spike__refresh_guard8__block_refine2,60,482,1104000,83,494760,81,2,2,0,26,399,0.17219917012448133,0.44815217391304346,0.17279761904761903,0.9321385869565217,0.9320157164022372,0.009813524747902393,12.933333333333334,113833.33333333333,0.0,0.9749871295370718,300,0.18333333333333332,2.518941908713693,4.989999999999999
random,high_duty,spike__rescue_guard8__block_refine2,60,482,1104000,81,497240,78,3,3,0,24,401,0.16804979253112035,0.4503985507246377,0.16863095238095235,0.9327400362318841,0.9325955329454984,0.009487229802002293,12.933333333333334,142500.0,0.0,0.9776589066438099,300,0.17666666666666667,2.518941908713693,4.989999999999999
random,high_duty,spike__rescue_periodic__block_refine2,60,482,1104000,81,497240,79,2,2,0,21,401,0.16804979253112035,0.4503985507246377,0.16863095238095235,0.9338487318840579,0.9337067116743241,0.00990984242591867,36.8,142083.33333333334,0.0,0.9774326373281367,300,0.18,2.518941908713693,4.989999999999999
random,low_snr,analog_delta__current_guard8__block_refine2,60,469,1087500,39,533200,38,1,1,0,15,430,0.08315565031982942,0.4902988505747126,0.08306878306878307,0.9333489655172413,0.9334626295561342,0.00349018037016529,6.483333333333333,129000.0,0.016666666666666666,0.9855605312635618,300,0.06333333333333334,2.5098081023454157,4.98
random,low_snr,analog_delta__current_periodic__block_refine2,60,469,1087500,38,534440,36,2,2,0,15,431,0.08102345415778252,0.49143908045977014,0.08128306878306878,0.9347485057471264,0.9348511267793267,0.0036471095603081566,36.25,117000.0,0.0,0.9866244816761539,300,0.06666666666666667,2.5098081023454157,4.98
random,low_snr,analog_delta__lag_guard8__block_refine2,60,469,1087500,50,519560,49,1,1,0,15,419,0.10660980810234541,0.47775632183908046,0.10618386243386244,0.9314262068965518,0.9315594856243234,0.005949039635402969,6.35,128916.66666666667,0.08333333333333333,0.9734517459288438,300,0.09666666666666666,2.5098081023454157,4.98
random,low_snr,analog_delta__lag_periodic__block_refine2,60,469,1087500,50,519560,49,1,1,0,15,419,0.10660980810234541,0.47775632183908046,0.10618386243386244,0.9316036781609195,0.9317380849091155,0.005642536619071362,36.25,116916.66666666667,0.08333333333333333,0.9730477392220794,300,0.1,2.5098081023454157,4.98
random,low_snr,analog_delta__refresh_guard8__block_refine2,60,469,1087500,41,530720,39,2,2,0,15,428,0.08742004264392324,0.4880183908045977,0.08753306878306878,0.9348625287356321,0.9349597803442964,0.003502130879521993,12.4,117833.33333333333,0.0,0.986634693687644,300,0.07,2.5098081023454157,4.98
random,low_snr,analog_delta__rescue_guard8__block_refine2,60,469,1087500,40,531960,39,1,1,0,15,429,0.08528784648187633,0.48915862068965515,0.08521825396825397,0.9309480459770115,0.9310171741714311,0.003180273247502058,12.383333333333333,143916.66666666666,0.0,0.9769304279544924,300,0.07,2.5098081023454157,4.98
random,low_snr,analog_delta__rescue_periodic__block_refine2,60,469,1087500,39,533200,38,1,1,0,15,430,0.08315565031982942,0.4902988505747126,0.08313492063492063,0.9308358620689655,0.930913949460033,0.0033474978438175654,36.25,143083.33333333334,0.0,0.9769133487544291,300,0.06666666666666667,2.5098081023454157,4.98
random,low_snr,raw__raw__block_refine2,60,469,1087500,195,339760,195,0,0,0,0,274,0.4157782515991471,0.3124229885057471,0.4176917989417989,0.9251622988505747,0.9256598048597809,0.07483770114942528,0.0,0.0,0.08333333333333333,0.8939272519940293,300,0.42333333333333334,2.5098081023454157,4.98
random,low_snr,rule__rule__block_refine2,60,469,1087500,42,529480,38,4,4,0,13,427,0.08955223880597014,0.4868781609195402,0.0894510582010582,0.930704367816092,0.9308406987466549,0.005321574439146347,0.0,181250.0,0.0,0.9764549176790609,300,0.07333333333333333,2.5098081023454157,4.98
random,low_snr,spike__current_guard8__block_refine2,60,469,1087500,55,513360,54,1,1,0,15,414,0.11727078891257996,0.4720551724137931,0.11878306878306878,0.9293140229885057,0.9293530333508335,0.01059570102168286,5.75,120166.66666666667,0.06666666666666667,0.9582710511681891,300,0.1,2.5098081023454157,4.98
random,low_snr,spike__current_periodic__block_refine2,60,469,1087500,42,529480,40,2,2,0,14,427,0.08955223880597014,0.4868781609195402,0.08961640211640211,0.9355659770114942,0.9356491085916739,0.0049915308273970884,36.25,116916.66666666667,0.016666666666666666,0.9854807589256186,300,0.07333333333333333,2.5098081023454157,4.98
random,low_snr,spike__lag_guard8__block_refine2,60,469,1087500,63,503440,63,0,0,0,15,406,0.13432835820895522,0.4629333333333333,0.13528439153439153,0.9269370114942529,0.9270067321623301,0.012840349564611088,5.516666666666667,118833.33333333333,0.08333333333333333,0.9433151028321664,300,0.11333333333333333,2.5098081023454157,4.98
random,low_snr,spike__lag_periodic__block_refine2,60,469,1087500,56,512120,54,2,2,0,14,413,0.11940298507462686,0.4709149425287356,0.11921296296296297,0.9320524137931034,0.9321579870886463,0.007003632601718726,36.25,116666.66666666667,0.08333333333333333,0.9714929918093257,300,0.11333333333333333,2.5098081023454157,4.98
random,low_snr,spike__refresh_guard8__block_refine2,60,469,1087500,43,528240,41,2,2,0,14,426,0.09168443496801706,0.48573793103448276,0.09199735449735448,0.935647816091954,0.9357264128763544,0.005099087541995361,12.516666666666667,116666.66666666667,0.0,0.9855580537136558,300,0.07333333333333333,2.5098081023454157,4.98
random,low_snr,spike__rescue_guard8__block_refine2,60,469,1087500,42,529480,41,1,1,0,14,427,0.08955223880597014,0.4868781609195402,0.08968253968253968,0.9316754022988506,0.9317438355370323,0.004158525222423602,12.516666666666667,143250.0,0.0,0.9767585327153778,300,0.07333333333333333,2.5098081023454157,4.98
random,low_snr,spike__rescue_periodic__block_refine2,60,469,1087500,41,530720,41,0,0,0,14,428,0.08742004264392324,0.4880183908045977,0.0873015873015873,0.931647816091954,0.9317165922856712,0.004047050774415011,36.25,143500.0,0.0,0.9767555617419366,300,0.07,2.5098081023454157,4.98
random,nominal,analog_delta__current_guard8__block_refine2,60,475,1096500,48,529480,45,3,3,0,21,427,0.10105263157894737,0.4828818969448244,0.10578703703703704,0.9301851345189238,0.9298139105911039,0.005033615970219723,6.316666666666666,125000.0,0.08333333333333333,0.9561063154636094,300,0.09333333333333334,2.549263157894737,4.989999999999999
random,nominal,analog_delta__current_periodic__block_refine2,60,475,1096500,37,543120,35,2,2,0,21,438,0.07789473684210527,0.49532147742818056,0.08048941798941797,0.9310743274053808,0.9308343337750278,0.00261138183423929,36.55,116250.0,0.0,0.9657131694769967,300,0.06666666666666667,2.549263157894737,4.989999999999999
random,nominal,analog_delta__lag_guard8__block_refine2,60,475,1096500,56,519560,55,1,1,0,21,419,0.11789473684210526,0.4738349293205654,0.12251984126984126,0.9316680346557228,0.931318305484414,0.007398065270873737,6.45,126500.0,0.13333333333333333,0.9666435499507425,300,0.11,2.549263157894737,4.989999999999999
random,nominal,analog_delta__lag_periodic__block_refine2,60,475,1096500,53,523280,51,2,2,0,21,422,0.11157894736842106,0.47722754217966257,0.11597222222222221,0.9332777017783858,0.9330075103466068,0.005335196942540444,36.55,116250.0,0.13333333333333333,0.9734948802203591,300,0.11,2.549263157894737,4.989999999999999
random,nominal,analog_delta__refresh_guard8__block_refine2,60,475,1096500,38,541880,36,2,2,0,21,437,0.08,0.4941906064751482,0.0825727513227513,0.9312859097127223,0.9310494977241028,0.0023535411561954114,11.916666666666666,117916.66666666667,0.0,0.9656644426659439,300,0.07,2.549263157894737,4.989999999999999
random,nominal,analog_delta__rescue_guard8__block_refine2,60,475,1096500,40,539400,36,4,4,0,19,435,0.08421052631578947,0.49192886456908347,0.0873346560846561,0.9315795713634291,0.9313147585612931,0.002958493247490503,11.916666666666666,144166.66666666666,0.0,0.9697968482433228,300,0.07333333333333333,2.549263157894737,4.989999999999999
random,nominal,analog_delta__rescue_periodic__block_refine2,60,475,1096500,40,539400,36,4,4,0,19,435,0.08421052631578947,0.49192886456908347,0.0873346560846561,0.9312786137710898,0.9310083854885054,0.0032416825122893052,36.55,142500.0,0.0,0.9698356369605415,300,0.07333333333333333,2.549263157894737,4.989999999999999
random,nominal,raw__raw__block_refine2,60,475,1096500,155,396800,155,0,0,0,0,320,0.3263157894736842,0.36187870497036023,0.3347883597883598,0.933890560875513,0.9324468300892779,0.06610943912448701,0.0,0.0,0.13333333333333333,0.9035563215244654,300,0.3566666666666667,2.549263157894737,4.989999999999999
random,nominal,rule__rule__block_refine2,60,475,1096500,41,538160,35,6,6,0,14,434,0.0863157894736842,0.4907979936160511,0.0900132275132275,0.9310770633834929,0.9308153589148821,0.005825254063655166,0.0,182750.0,0.0,0.9693728687348455,300,0.08333333333333333,2.549263157894737,4.989999999999999
random,nominal,spike__current_guard8__block_refine2,60,475,1096500,57,518320,56,1,1,0,17,418,0.12,0.47270405836753304,0.1263227513227513,0.9296169630642955,0.9292351945683913,0.009960372190601993,6.3,111416.66666666667,0.11666666666666667,0.9434918840528431,300,0.11333333333333333,2.549263157894737,4.989999999999999
random,nominal,spike__current_periodic__block_refine2,60,475,1096500,41,538160,38,3,3,0,16,434,0.0863157894736842,0.4907979936160511,0.08941798941798941,0.9342042863657091,0.9340450682118704,0.0043631493209854945,36.55,113083.33333333333,0.0,0.965194041623242,300,0.08,2.549263157894737,4.989999999999999
random,nominal,spike__lag_guard8__block_refine2,60,475,1096500,61,513360,57,4,4,0,16,414,0.12842105263157894,0.4681805745554036,0.13442460317460317,0.9311098951208391,0.9307267581029103,0.012055117957848697,6.15,113666.66666666667,0.13333333333333333,0.9477632262646983,300,0.12,2.549263157894737,4.989999999999999
random,nominal,spike__lag_periodic__block_refine2,60,475,1096500,54,522040,50,4,4,0,16,421,0.11368421052631579,0.4760966712266302,0.11805555555555557,0.9364432284541724,0.9362532601916542,0.006834475314254321,36.55,113083.33333333333,0.13333333333333333,0.9730272909841499,300,0.11333333333333333,2.549263157894737,4.989999999999999
random,nominal,spike__refresh_guard8__block_refine2,60,475,1096500,41,538160,39,2,2,0,17,434,0.0863157894736842,0.4907979936160511,0.08971560846560847,0.9341632466940264,0.9339585431667764,0.0040738940204180845,12.483333333333333,113833.33333333333,0.0,0.9651267765221179,300,0.08333333333333333,2.549263157894737,4.989999999999999
random,nominal,spike__rescue_guard8__block_refine2,60,475,1096500,40,539400,36,4,4,0,17,435,0.08421052631578947,0.49192886456908347,0.0873346560846561,0.9336388508891929,0.9333957031901572,0.004121707595148506,12.483333333333333,141333.33333333334,0.0,0.9697204727342015,300,0.07666666666666666,2.549263157894737,4.989999999999999
random,nominal,spike__rescue_periodic__block_refine2,60,475,1096500,41,538160,38,3,3,0,16,434,0.0863157894736842,0.4907979936160511,0.08941798941798942,0.933701778385773,0.9335015986377344,0.00439550180682353,36.55,140583.33333333334,0.0,0.9697784527842578,300,0.07666666666666666,2.549263157894737,4.989999999999999
random,short_dwell,analog_delta__current_guard8__block_refine2,60,209,554500,20,234360,19,1,1,0,1,189,0.09569377990430622,0.4226510369702435,0.09444444444444443,0.9230333633904418,0.9229085525087227,0.01049204541719752,3.95,66833.33333333333,0.16666666666666666,0.9147967678490959,209,0.09569377990430622,2.5062679425837318,4.97
random,short_dwell,analog_delta__current_periodic__block_refine2,60,209,554500,8,249240,7,1,1,0,1,201,0.03827751196172249,0.44948602344454464,0.03611111111111111,0.9195058611361587,0.9192883501236753,0.0039014345635453238,18.483333333333334,55083.333333333336,0.03333333333333333,0.9208971722008423,209,0.03827751196172249,2.5062679425837318,4.97
random,short_dwell,analog_delta__lag_guard8__block_refine2,60,209,554500,27,225680,26,1,1,0,1,182,0.1291866028708134,0.40699729486023445,0.12916666666666665,0.9294373309287647,0.9294357082248104,0.013783641039772206,4.05,64666.666666666664,0.23333333333333334,0.9476200408171744,209,0.1291866028708134,2.5062679425837318,4.97
random,short_dwell,analog_delta__lag_periodic__block_refine2,60,209,554500,22,231880,21,1,1,0,1,187,0.10526315789473684,0.4181785392245266,0.10416666666666666,0.9252984670874662,0.925204711369928,0.008830307795436676,18.483333333333334,55083.333333333336,0.23333333333333334,0.9521326693052011,209,0.10526315789473684,2.5062679425837318,4.97
random,short_dwell,analog_delta__refresh_guard8__block_refine2,60,209,554500,8,249240,7,1,1,0,1,201,0.03827751196172249,0.44948602344454464,0.03611111111111111,0.9196429215509468,0.9194414632987699,0.0034258689258249543,11.5,56000.0,0.03333333333333333,0.9209736248002307,209,0.03827751196172249,2.5062679425837318,4.97
random,short_dwell,analog_delta__rescue_guard8__block_refine2,60,209,554500,15,240560,14,1,1,0,1,194,0.07177033492822966,0.4338322813345356,0.0722222222222222,0.9207736699729486,0.9205861358461512,0.004773711643646032,11.5,84416.66666666667,0.06666666666666667,0.9342681887633563,209,0.07177033492822966,2.5062679425837318,4.97
random,short_dwell,analog_delta__rescue_periodic__block_refine2,60,209,554500,16,239320,15,1,1,0,1,193,0.07655502392344497,0.43159603246167716,0.07638888888888887,0.9206402164111812,0.9204376603272889,0.005241774408838918,18.483333333333334,83500.0,0.06666666666666667,0.934204478263866,209,0.07655502392344497,2.5062679425837318,4.97
random,short_dwell,raw__raw__block_refine2,60,209,554500,83,156240,83,0,0,0,0,126,0.39712918660287083,0.2817673579801623,0.4055555555555556,0.9394102795311091,0.9397717325175684,0.06058972046889089,0.0,0.0,0.31666666666666665,0.9139334931989972,209,0.39712918660287083,2.5062679425837318,4.97
random,short_dwell,rule__rule__block_refine2,60,209,554500,18,236840,17,1,1,0,1,191,0.0861244019138756,0.4271235347159603,0.0861111111111111,0.9214265103697025,0.9212281847592839,0.005740628666948184,0.0,92416.66666666667,0.06666666666666667,0.9342193666292088,209,0.0861244019138756,2.5062679425837318,4.97
random,short_dwell,spike__current_guard8__block_refine2,60,209,554500,32,219480,32,0,0,0,0,177,0.15311004784688995,0.3958160504959423,0.15416666666666667,0.9274463480613165,0.9275718704440841,0.02225023385275262,3.9833333333333334,51750.0,0.21666666666666667,0.912208548397859,209,0.15311004784688995,2.5062679425837318,4.97
random,short_dwell,spike__current_periodic__block_refine2,60,209,554500,11,245520,10,1,1,0,1,198,0.05263157894736842,0.44277727682596935,0.05,0.9196375112714157,0.9193786591478698,0.006228380445691679,18.483333333333334,52583.333333333336,0.05,0.9191677756927331,209,0.05263157894736842,2.5062679425837318,4.97
random,short_dwell,spike__lag_guard8__block_refine2,60,209,554500,36,214520,36,0,0,0,0,173,0.1722488038277512,0.3868710550045086,0.1736111111111111,0.9328043282236249,0.9329716173603945,0.025986742994877975,3.8333333333333335,51666.666666666664,0.23333333333333334,0.930225633918497,209,0.1722488038277512,2.5062679425837318,4.97
random,short_dwell,spike__lag_periodic__block_refine2,60,209,554500,24,229400,23,1,1,0,1,185,0.11483253588516747,0.41370604147880974,0.11388888888888889,0.9262651036970243,0.9261401981260341,0.010310907286618558,18.483333333333334,52583.333333333336,0.23333333333333334,0.9503664273375146,209,0.11483253588516747,2.5062679425837318,4.97
random,short_dwell,spike__refresh_guard8__block_refine2,60,209,554500,9,248000,8,1,1,0,1,200,0.0430622009569378,0.4472497745716862,0.03888888888888888,0.9202416591523895,0.9199869276950546,0.005715042857950106,11.466666666666667,53250.0,0.05,0.9191677756927331,209,0.0430622009569378,2.5062679425837318,4.97
random,short_dwell,spike__rescue_guard8__block_refine2,60,209,554500,15,240560,14,1,1,0,1,194,0.07177033492822966,0.4338322813345356,0.0722222222222222,0.9210784490532011,0.9208879710714695,0.005760204945717028,11.466666666666667,83500.0,0.06666666666666667,0.9342681887633563,209,0.07177033492822966,2.5062679425837318,4.97
random,short_dwell,spike__rescue_periodic__block_refine2,60,209,554500,16,239320,15,1,1,0,1,193,0.07655502392344497,0.43159603246167716,0.07638888888888887,0.9206420198376916,0.9204495041525382,0.006262251490618303,18.483333333333334,82833.33333333333,0.06666666666666667,0.9342681887633563,209,0.07655502392344497,2.5062679425837318,4.97
random,strong_pulse,analog_delta__current_guard8__block_refine2,60,469,1086500,47,523280,44,3,3,0,26,422,0.10021321961620469,0.4816198803497469,0.09917328042328041,0.9247086976530142,0.924783998160281,0.00429324062364969,6.366666666666666,127083.33333333333,0.03333333333333333,0.9585329725083781,300,0.08666666666666667,2.704797441364606,4.98
random,strong_pulse,analog_delta__current_periodic__block_refine2,60,469,1086500,38,534440,34,4,4,0,26,431,0.08102345415778252,0.49189139438564194,0.08029100529100527,0.9246534744592729,0.924708615396363,0.001955088594919154,36.21666666666667,115500.0,0.0,0.965760229603601,300,0.06,2.704797441364606,4.98
random,strong_pulse,analog_delta__lag_guard8__block_refine2,60,469,1086500,51,518320,50,1,1,0,26,418,0.10874200426439233,0.4770547630004602,0.10757275132275132,0.928493327197423,0.9285632659926082,0.005045743073445347,6.383333333333334,127833.33333333333,0.03333333333333333,0.9821970736170317,300,0.1,2.704797441364606,4.98
random,strong_pulse,analog_delta__lag_periodic__block_refine2,60,469,1086500,47,523280,43,4,4,0,25,422,0.10021321961620469,0.4816198803497469,0.0986441798941799,0.9289940174873447,0.9290578866286412,0.003329633740288568,36.21666666666667,115500.0,0.016666666666666666,0.9858339417822102,300,0.08666666666666667,2.704797441364606,4.98
random,strong_pulse,analog_delta__refresh_guard8__block_refine2,60,469,1086500,39,533200,35,4,4,0,26,430,0.08315565031982942,0.4907501150483203,0.0823743386243386,0.9252710538426139,0.9253380738451636,0.001677265848126507,13.583333333333334,116833.33333333333,0.0,0.9656284981250468,300,0.06333333333333334,2.704797441364606,4.98
random,strong_pulse,analog_delta__rescue_guard8__block_refine2,60,469,1086500,49,520800,48,1,1,0,25,420,0.1044776119402985,0.47933732167510357,0.10363756613756614,0.9258288080994017,0.9259178182133502,0.0034347817472111593,13.583333333333334,143666.66666666666,0.0,0.9670352353483561,300,0.09333333333333334,2.704797441364606,4.98
random,strong_pulse,analog_delta__rescue_periodic__block_refine2,60,469,1086500,47,523280,45,2,2,0,25,422,0.10021321961620469,0.4816198803497469,0.09947089947089947,0.9252664519098022,0.9253498951964798,0.003716359513682149,36.21666666666667,142333.33333333334,0.0,0.9671406205311992,300,0.09,2.704797441364606,4.98
random,strong_pulse,raw__raw__block_refine2,60,469,1086500,152,393080,152,0,0,0,0,317,0.32409381663113007,0.361785549930971,0.32255291005291004,0.9501233317993557,0.9506684264570218,0.04987666820064427,0.0,0.0,0.03333333333333333,0.9491043956696016,300,0.3433333333333333,2.704797441364606,4.98
random,strong_pulse,rule__rule__block_refine2,60,469,1086500,50,519560,47,3,3,0,17,419,0.10660980810234541,0.47819604233778185,0.10512566137566139,0.9273143120110446,0.9275097866974339,0.00706125602645926,0.0,181083.33333333334,0.0,0.9669933996906154,300,0.10666666666666667,2.704797441364606,4.98
random,strong_pulse,spike__current_guard8__block_refine2,60,469,1086500,59,508400,57,2,2,0,26,410,0.1257995735607676,0.4679245283018868,0.12347883597883597,0.9262374597330879,0.9264430052117978,0.007369100084037923,6.483333333333333,108416.66666666667,0.03333333333333333,0.9586274128394557,300,0.12,2.704797441364606,4.98
random,strong_pulse,spike__current_periodic__block_refine2,60,469,1086500,47,523280,43,4,4,0,24,422,0.10021321961620469,0.4816198803497469,0.09887566137566137,0.9268670041417395,0.9269287060307494,0.0038173904441586703,36.21666666666667,112500.0,0.0,0.9647212824579604,300,0.09,2.704797441364606,4.98
random,strong_pulse,spike__lag_guard8__block_refine2,60,469,1086500,64,502200,61,3,3,0,25,405,0.13646055437100213,0.4622181316152784,0.13425925925925922,0.9294431661297745,0.9297165414729441,0.00872849777959267,6.2,110166.66666666667,0.03333333333333333,0.9685429057049959,300,0.13333333333333333,2.704797441364606,4.98
random,strong_pulse,spike__lag_periodic__block_refine2,60,469,1086500,54,514600,50,4,4,0,25,415,0.11513859275053305,0.4736309249884952,0.11329365079365078,0.931100782328578,0.9311695883776417,0.004889771122119353,36.21666666666667,112500.0,0.016666666666666666,0.9851212538615869,300,0.11,2.704797441364606,4.98
random,strong_pulse,spike__refresh_guard8__block_refine2,60,469,1086500,47,523280,43,4,4,0,26,422,0.10021321961620469,0.4816198803497469,0.09887566137566137,0.9265623561895996,0.9266194663723302,0.003450815485311761,14.1,113500.0,0.0,0.9648323156510413,300,0.09,2.704797441364606,4.98
random,strong_pulse,spike__rescue_guard8__block_refine2,60,469,1086500,52,517080,52,0,0,0,25,417,0.11087420042643924,0.4759134836631385,0.1093584656084656,0.9269084215370456,0.9269951120278113,0.004497665168103943,14.1,141250.0,0.0,0.967146268541437,300,0.10333333333333333,2.704797441364606,4.98
random,strong_pulse,spike__rescue_periodic__block_refine2,60,469,1086500,53,515840,52,1,1,0,24,416,0.11300639658848614,0.47477220432581685,0.11173941798941799,0.9271532443626324,0.9272415856080155,0.004864286024760045,36.21666666666667,140250.0,0.0,0.9670352353483561,300,0.10666666666666667,2.704797441364606,4.98
