policy,frontend,condition,case,bler_difference,first_word_difference,crossing_word_difference,correct_difference,first_nb_difference,eligible
current_guard8,spike,fixed,clean,0.0,0.0,,0.0,,True
current_guard8,spike,fixed,nominal,0.061855670103092786,0.06666666666666667,0.06999999999999999,-0.008236936936936834,-0.049211111111111094,False
current_guard8,spike,fixed,short_dwell,0.10747663551401869,0.2,0.10747663551401869,-0.002205263157894821,-0.05500000000000005,False
current_guard8,spike,fixed,low_snr,0.06365503080082136,0.23333333333333334,0.07023411371237458,-0.009576576576576623,-0.0566833333333332,False
current_guard8,spike,fixed,strong_pulse,0.06016597510373444,0.05,0.06020066889632107,-0.01225585585585598,-0.07361111111111107,False
current_guard8,spike,fixed,high_duty,0.051652892561983466,0.11666666666666667,0.06,-0.007264864864864884,-0.05187222222222221,False
current_guard8,spike,random,clean,0.0,0.0,,9.259259259319919e-07,,True
current_guard8,spike,random,nominal,0.03368421052631579,0.11666666666666667,0.033333333333333326,-0.004809873643479068,-0.02170215757039884,False
current_guard8,spike,random,short_dwell,0.10047846889952153,0.16666666666666669,0.10047846889952153,0.008193211296214309,-0.006959227294874082,False
current_guard8,spike,random,low_snr,0.027718550106609813,0.05,0.026666666666666672,-0.006296075240840415,-0.02720970775742948,False
current_guard8,spike,random,strong_pulse,0.025586353944562906,0.03333333333333333,0.03,-0.00048570081895160655,-0.006093869618504666,False
current_guard8,spike,random,high_duty,0.02697095435684646,0.05,0.026666666666666672,-0.002387226648469909,-0.0030531428988094245,False
current_guard8,analog_delta,fixed,clean,0.0,0.0,,0.0,,True
current_guard8,analog_delta,fixed,nominal,0.0,0.0,0.0,-0.00023063063063066824,0.0,True
current_guard8,analog_delta,fixed,short_dwell,0.02336448598130841,0.05,0.02336448598130841,-0.001438596491228017,-0.014355555555555566,False
current_guard8,analog_delta,fixed,low_snr,-0.004106776180698154,0.0,-0.006688963210702341,-0.0001639639639638979,5.5555555555586444e-05,True
current_guard8,analog_delta,fixed,strong_pulse,0.010373443983402494,0.0,0.016722408026755852,-0.002045045045044991,-0.009877777777777763,False
current_guard8,analog_delta,fixed,high_duty,0.002066115702479332,0.0,0.0,-0.0006567567567566934,-0.0027333333333333654,True
current_guard8,analog_delta,random,clean,0.0,0.0,,0.0,,True
current_guard8,analog_delta,random,nominal,0.0231578947368421,0.08333333333333333,0.026666666666666672,-0.0010204231839239242,-0.009606854013387345,False
current_guard8,analog_delta,random,short_dwell,0.05741626794258373,0.13333333333333333,0.05741626794258373,0.003620202385047455,-0.0061004043517464135,False
current_guard8,analog_delta,random,low_snr,0.0021321961620469065,0.016666666666666666,-0.003333333333333327,-0.001388497223192453,-0.0010639504125921073,True
current_guard8,analog_delta,random,strong_pulse,0.019189765458422173,0.03333333333333333,0.026666666666666672,7.538276391805265e-05,-0.007227257095222872,False
current_guard8,analog_delta,random,high_duty,0.012448132780082999,0.03333333333333333,0.016666666666666663,0.0009043443021838904,-0.0003187984804120525,False
refresh_guard8,spike,fixed,clean,0.0,0.0,,0.0,,True
refresh_guard8,spike,fixed,nominal,0.0,0.0,0.0,0.0,0.0,True
refresh_guard8,spike,fixed,short_dwell,0.0,0.0,0.0,0.0,0.0,True
refresh_guard8,spike,fixed,low_snr,-0.00410677618069815,0.0,-0.00334448160535117,-8.108108108106915e-05,0.0,True
refresh_guard8,spike,fixed,strong_pulse,0.0,0.0,0.0,0.0,0.0,True
refresh_guard8,spike,fixed,high_duty,0.0,0.0,0.0,-6.57657657656685e-05,0.0,True
refresh_guard8,spike,random,clean,0.0,0.0,,9.259259259319919e-07,,True
refresh_guard8,spike,random,nominal,0.0,0.0,0.003333333333333327,-8.652504509398806e-05,-6.726510112409212e-05,True
refresh_guard8,spike,random,short_dwell,-0.009569377990430616,0.0,-0.009569377990430616,0.0006082685471848759,0.0,True
refresh_guard8,spike,random,low_snr,0.0021321961620469204,-0.016666666666666666,0.0,7.730428468044614e-05,7.729478803719658e-05,True
refresh_guard8,spike,random,strong_pulse,0.0,0.0,0.0,-0.00030923965841922474,0.00011103319308092274,True
refresh_guard8,spike,random,high_duty,0.0,0.0,-0.003333333333333355,-0.0012203371716823508,0.00022626931567326647,True
refresh_guard8,analog_delta,fixed,clean,0.0,0.0,,0.0,,True
refresh_guard8,analog_delta,fixed,nominal,0.0,0.0,0.0,0.0,0.0,True
refresh_guard8,analog_delta,fixed,short_dwell,0.0,0.0,0.0,0.0,0.0,True
refresh_guard8,analog_delta,fixed,low_snr,-0.002053388090349075,0.0,-0.00334448160535117,2.7927927927939855e-05,-8.333333333321313e-05,True
refresh_guard8,analog_delta,fixed,strong_pulse,0.0,0.0,0.0,0.0,0.0,True
refresh_guard8,analog_delta,fixed,high_duty,0.0,0.0,0.0,-4.5045045045100096e-05,0.0,True
refresh_guard8,analog_delta,random,clean,0.0,0.0,,0.0,,True
refresh_guard8,analog_delta,random,nominal,0.002105263157894735,0.0,0.003333333333333341,0.00021516394907505898,-4.872681105283494e-05,True
refresh_guard8,analog_delta,random,short_dwell,0.0,0.0,0.0,0.000153113175094588,7.64525993883769e-05,True
refresh_guard8,analog_delta,random,low_snr,0.00639658848614072,0.0,0.003333333333333341,0.00010865356496969625,1.0212011490096096e-05,True
refresh_guard8,analog_delta,random,strong_pulse,0.0021321961620469065,0.0,0.003333333333333341,0.0006294584488006905,-0.00013173147855416456,True
refresh_guard8,analog_delta,random,high_duty,0.0,0.0,0.0,0.00014361850188615577,0.0,True
rescue_guard8,spike,fixed,clean,0.0,0.0,,0.0,,True
rescue_guard8,spike,fixed,nominal,0.020618556701030927,0.0,0.03,-0.0017009009009010256,0.001677777777777778,False
rescue_guard8,spike,fixed,short_dwell,0.04205607476635514,0.016666666666666666,0.04205607476635514,-0.00305614035087709,0.0028000000000000247,False
rescue_guard8,spike,fixed,low_snr,0.02053388090349076,0.0,0.0234113712374582,-0.0015756756756757362,0.0020388888888889234,False
rescue_guard8,spike,fixed,strong_pulse,0.07261410788381742,0.0,0.0903010033444816,-0.005263963963964002,0.0015555555555555323,False
rescue_guard8,spike,fixed,high_duty,0.006198347107437996,0.0,0.010000000000000009,-0.00012612612612605822,0.0022222222222221255,True
rescue_guard8,spike,random,clean,0.0,0.0,,9.259259259319919e-07,,True
rescue_guard8,spike,random,nominal,-0.002105263157894735,0.0,-0.003333333333333341,-0.0006493650217131997,0.004526431110959517,True
rescue_guard8,spike,random,short_dwell,0.019138755980861247,0.016666666666666663,0.019138755980861247,0.00150931192359971,0.015100413070623153,False
rescue_guard8,spike,random,low_snr,0.0,-0.016666666666666666,0.0,-0.0039052730546416115,-0.008722226210240769,True
rescue_guard8,spike,random,strong_pulse,0.010660980810234547,0.0,0.013333333333333336,6.640599706186912e-05,0.0024249860834766324,False
rescue_guard8,spike,random,high_duty,-0.004149377593360981,0.0,-0.010000000000000009,-0.0006405206284212372,0.0028980464224114266,True
rescue_guard8,analog_delta,fixed,clean,0.0,0.0,,0.0,,True
rescue_guard8,analog_delta,fixed,nominal,0.020618556701030927,0.0,0.03,-0.0017009009009010256,0.001677777777777778,False
rescue_guard8,analog_delta,fixed,short_dwell,0.04205607476635514,0.016666666666666666,0.04205607476635514,-0.00305614035087709,0.0028000000000000247,False
rescue_guard8,analog_delta,fixed,low_snr,0.022587268993839834,0.0,0.0234113712374582,-0.0017666666666668052,0.0017222222222221806,False
rescue_guard8,analog_delta,fixed,strong_pulse,0.07261410788381742,0.0,0.0903010033444816,-0.005263963963964002,0.0015555555555555323,False
rescue_guard8,analog_delta,fixed,high_duty,0.006198347107437996,0.0,0.010000000000000009,-0.00011621621621615841,0.0022222222222221255,True
rescue_guard8,analog_delta,random,clean,0.0,0.0,,0.0,,True
rescue_guard8,analog_delta,random,nominal,0.006315789473684205,0.0,0.006666666666666668,0.00048042478626530993,0.004083678766326093,True
rescue_guard8,analog_delta,random,short_dwell,0.03349282296650718,0.03333333333333333,0.03349282296650718,0.0012977857224759637,0.013371016562513938,False
rescue_guard8,analog_delta,random,low_snr,0.004264392324093813,0.0,0.003333333333333341,-0.003833952607895541,-0.009694053721661544,True
rescue_guard8,analog_delta,random,strong_pulse,0.023454157782515986,0.0,0.03333333333333334,0.0012092028169872204,0.0012750057447551422,False
rescue_guard8,analog_delta,random,high_duty,0.0,0.0,0.0,0.0012364790834008543,0.0017642835014251013,True
