condition,case,method,ale_predictions,ale_samples,ale_tap_products,ale_weight_updates,bank_sample_updates,blank_guard_rejections,confirmation_refreshes,delta_sample_updates,detector_events,detector_products,detector_samples,event_triggers,fft_calls,forced_refreshes,guard_refreshes,history_sample_updates,pulse_accepts,pulse_group_rms,pulse_tests,quality_power_samples,rescue_accepted,rescue_blocks,rescue_quality_products,rescue_rejected,risk_blocks,risk_refreshes,router_calls,n_streams,n_input_samples
fixed,clean,analog_delta__current_guard8__block_refine2,0,0,0,0,177600000,0,0,11100000,0,0,0,1,0,239,0,11100000,0,222000,2220,11100000,0,0,0,0,0,0,300,60,11100000
fixed,clean,analog_delta__current_periodic__block_refine2,0,0,0,0,177600000,0,0,11100000,0,0,0,0,0,0,0,11100000,1,222000,2220,11100000,0,0,0,0,0,0,2220,60,11100000
fixed,clean,analog_delta__lag_guard8__block_refine2,0,0,0,0,177600000,0,0,11100000,,,,1,0,239,0,11100000,0,222000,2220,11100000,,,,,,,300,60,11100000
fixed,clean,analog_delta__lag_periodic__block_refine2,0,0,0,0,177600000,0,0,11100000,,,,0,0,0,0,11100000,0,222000,2220,11100000,,,,,,,2220,60,11100000
fixed,clean,analog_delta__refresh_guard8__block_refine2,0,0,0,0,177600000,0,0,11100000,0,22202220,11100000,3,0,239,0,11100000,0,222000,2220,11100000,0,0,0,0,120,120,361,60,11100000
fixed,clean,analog_delta__rescue_guard8__block_refine2,591120,600000,226990080,591120,177600000,0,0,11100000,0,22202220,11100000,3,0,239,0,11100000,0,234000,2340,11100000,0,120,1200000,120,120,120,361,60,11100000
fixed,clean,analog_delta__rescue_periodic__block_refine2,591120,600000,226990080,591120,177600000,0,0,11100000,0,22202220,11100000,0,0,0,0,11100000,1,234000,2340,11100000,0,120,1200000,120,120,0,2220,60,11100000
fixed,clean,raw__raw__block_refine2,0,0,0,0,0,0,0,0,,,,0,0,0,0,0,0,0,0,0,,,,,,,0,60,11100000
fixed,clean,rule__rule__block_refine2,11091120,11100000,4258990080,11091120,0,0,0,0,,,,0,0,0,0,11100000,0,444000,4440,11100000,,,,,,,0,60,11100000
fixed,clean,spike__current_guard8__block_refine2,0,0,0,0,177600000,0,0,11100000,0,0,0,137,0,179,0,11100000,0,222000,2220,11100000,0,0,0,0,0,0,368,60,11100000
fixed,clean,spike__current_periodic__block_refine2,0,0,0,0,177600000,0,0,11100000,0,0,0,0,0,0,0,11100000,0,222000,2220,11100000,0,0,0,0,0,0,2220,60,11100000
fixed,clean,spike__lag_guard8__block_refine2,0,0,0,0,177600000,0,0,11100000,,,,137,0,179,0,11100000,0,222000,2220,11100000,,,,,,,368,60,11100000
fixed,clean,spike__lag_periodic__block_refine2,0,0,0,0,177600000,0,0,11100000,,,,0,0,0,0,11100000,0,222000,2220,11100000,,,,,,,2220,60,11100000
fixed,clean,spike__refresh_guard8__block_refine2,0,0,0,0,177600000,0,0,11100000,0,22202220,11100000,136,0,174,0,11100000,0,222000,2220,11100000,0,0,0,0,120,120,424,60,11100000
fixed,clean,spike__rescue_guard8__block_refine2,591120,600000,226990080,591120,177600000,0,0,11100000,0,22202220,11100000,136,0,174,0,11100000,0,234000,2340,11100000,0,120,1200000,120,120,120,424,60,11100000
fixed,clean,spike__rescue_periodic__block_refine2,591120,600000,226990080,591120,177600000,0,0,11100000,0,22202220,11100000,0,0,0,0,11100000,0,234000,2340,11100000,0,120,1200000,120,120,0,2220,60,11100000
fixed,high_duty,analog_delta__current_guard8__block_refine2,7770000,7770000,2942738048,7450141,177600000,0,0,11100000,0,0,0,119,0,181,0,11100000,421,377400,3774,11100000,0,0,0,0,0,0,357,60,11100000
fixed,high_duty,analog_delta__current_periodic__block_refine2,7200000,7200000,2723858048,6880141,177600000,0,0,11100000,0,0,0,0,0,0,0,11100000,421,366000,3660,11100000,0,0,0,0,0,0,2220,60,11100000
fixed,high_duty,analog_delta__lag_guard8__block_refine2,7770000,7770000,2942738048,7450141,177600000,0,0,11100000,,,,119,0,181,0,11100000,422,377400,3774,11100000,,,,,,,357,60,11100000
fixed,high_duty,analog_delta__lag_periodic__block_refine2,7200000,7200000,2723858048,6880141,177600000,0,0,11100000,,,,0,0,0,0,11100000,422,366000,3660,11100000,,,,,,,2220,60,11100000
fixed,high_duty,analog_delta__refresh_guard8__block_refine2,7200000,7200000,2723858048,6880141,177600000,0,0,11100000,440,22202220,11100000,98,0,40,0,11100000,421,366000,3660,11100000,0,0,0,0,820,820,900,60,11100000
fixed,high_duty,analog_delta__rescue_guard8__block_refine2,8391120,8400000,3181248128,8071261,177600000,0,0,11100000,440,22202220,11100000,98,0,40,0,11100000,407,390000,3900,11100000,546,820,8200000,274,820,820,900,60,11100000
fixed,high_duty,analog_delta__rescue_periodic__block_refine2,8391120,8400000,3181248128,8071261,177600000,0,0,11100000,440,22202220,11100000,0,0,0,0,11100000,407,390000,3900,11100000,546,820,8200000,274,820,0,2220,60,11100000
fixed,high_duty,raw__raw__block_refine2,0,0,0,0,0,0,0,0,,,,0,0,0,0,0,0,0,0,0,,,,,,,0,60,11100000
fixed,high_duty,rule__rule__block_refine2,11091120,11100000,4218048128,10771261,0,0,0,0,,,,0,0,0,0,11100000,411,444000,4440,11100000,,,,,,,0,60,11100000
fixed,high_duty,spike__current_guard8__block_refine2,7075000,7075000,2675858048,6755141,177600000,0,0,11100000,0,0,0,127,0,173,0,11100000,409,363500,3635,11100000,0,0,0,0,0,0,357,60,11100000
fixed,high_duty,spike__current_periodic__block_refine2,7200000,7200000,2723858048,6880141,177600000,0,0,11100000,0,0,0,0,0,0,0,11100000,421,366000,3660,11100000,0,0,0,0,0,0,2220,60,11100000
fixed,high_duty,spike__lag_guard8__block_refine2,7070000,7070000,2674369792,6753514,177600000,0,0,11100000,,,,127,0,173,0,11100000,394,363400,3634,11100000,,,,,,,357,60,11100000
fixed,high_duty,spike__lag_periodic__block_refine2,7200000,7200000,2723858048,6880141,177600000,0,0,11100000,,,,0,0,0,0,11100000,422,366000,3660,11100000,,,,,,,2220,60,11100000
fixed,high_duty,spike__refresh_guard8__block_refine2,7200000,7200000,2723858048,6880141,177600000,0,0,11100000,440,22202220,11100000,97,0,40,0,11100000,421,366000,3660,11100000,0,0,0,0,820,820,919,60,11100000
fixed,high_duty,spike__rescue_guard8__block_refine2,8391120,8400000,3181248128,8071261,177600000,0,0,11100000,440,22202220,11100000,97,0,40,0,11100000,407,390000,3900,11100000,546,820,8200000,274,820,820,919,60,11100000
fixed,high_duty,spike__rescue_periodic__block_refine2,8391120,8400000,3181248128,8071261,177600000,0,0,11100000,440,22202220,11100000,0,0,0,0,11100000,407,390000,3900,11100000,546,820,8200000,274,820,0,2220,60,11100000
fixed,low_snr,analog_delta__current_guard8__block_refine2,8622780,8625000,3240535424,8071123,177600000,0,0,11100000,0,0,0,120,0,180,0,11100000,423,394500,3945,11100000,0,0,0,0,0,0,360,60,11100000
fixed,low_snr,analog_delta__current_periodic__block_refine2,8172780,8175000,3067735424,7621123,177600000,0,0,11100000,0,0,0,0,0,0,0,11100000,422,385500,3855,11100000,0,0,0,0,0,0,2220,60,11100000
fixed,low_snr,analog_delta__lag_guard8__block_refine2,8550000,8550000,3212587904,7998343,177600000,0,0,11100000,,,,120,0,180,0,11100000,421,393000,3930,11100000,,,,,,,360,60,11100000
fixed,low_snr,analog_delta__lag_periodic__block_refine2,8095000,8095000,3037867904,7543343,177600000,0,0,11100000,,,,0,0,0,0,11100000,420,383900,3839,11100000,,,,,,,2220,60,11100000
fixed,low_snr,analog_delta__refresh_guard8__block_refine2,8067780,8070000,3027415424,7516123,177600000,0,0,11100000,434,22202220,11100000,97,0,46,0,11100000,422,383400,3834,11100000,0,0,0,0,808,808,891,60,11100000
fixed,low_snr,analog_delta__rescue_guard8__block_refine2,8986120,8995000,3380057984,8434463,177600000,0,0,11100000,434,22202220,11100000,97,0,46,0,11100000,409,401900,4019,11100000,530,808,8080000,278,808,808,891,60,11100000
fixed,low_snr,analog_delta__rescue_periodic__block_refine2,9091120,9100000,3420377984,8539463,177600000,0,0,11100000,434,22202220,11100000,0,0,0,0,11100000,407,404000,4040,11100000,530,808,8080000,278,808,0,2220,60,11100000
fixed,low_snr,raw__raw__block_refine2,0,0,0,0,0,0,0,0,,,,0,0,0,0,0,0,0,0,0,,,,,,,0,60,11100000
fixed,low_snr,rule__rule__block_refine2,11091120,11100000,4188377984,10539463,0,0,0,0,,,,0,0,0,0,11100000,412,444000,4440,11100000,,,,,,,0,60,11100000
fixed,low_snr,spike__current_guard8__block_refine2,8981004,8985000,3378364800,8431467,177600000,0,0,11100000,0,0,0,53,0,218,0,11100000,421,401700,4017,11100000,0,0,0,0,0,0,328,60,11100000
fixed,low_snr,spike__current_periodic__block_refine2,9011004,9015000,3389594624,8459200,177600000,0,0,11100000,0,0,0,0,0,0,0,11100000,424,402300,4023,11100000,0,0,0,0,0,0,2220,60,11100000
fixed,low_snr,spike__lag_guard8__block_refine2,8825000,8825000,3318724224,8277533,177600000,0,0,11100000,,,,53,0,218,0,11100000,415,398500,3985,11100000,,,,,,,328,60,11100000
fixed,low_snr,spike__lag_periodic__block_refine2,8870000,8870000,3335467904,8318343,177600000,0,0,11100000,,,,0,0,0,0,11100000,418,399400,3994,11100000,,,,,,,2220,60,11100000
fixed,low_snr,spike__refresh_guard8__block_refine2,9091004,9095000,3420333440,8539347,177600000,0,0,11100000,434,22202220,11100000,33,0,46,0,11100000,424,403900,4039,11100000,0,0,0,0,808,808,883,60,11100000
fixed,low_snr,spike__rescue_guard8__block_refine2,9731120,9740000,3666137984,9179463,177600000,0,0,11100000,434,22202220,11100000,33,0,46,0,11100000,409,416800,4168,11100000,530,808,8080000,278,808,808,883,60,11100000
fixed,low_snr,spike__rescue_periodic__block_refine2,9651120,9660000,3635399168,9099316,177600000,0,0,11100000,434,22202220,11100000,0,0,0,0,11100000,409,415200,4152,11100000,530,808,8080000,278,808,0,2220,60,11100000
fixed,nominal,analog_delta__current_guard8__block_refine2,7800000,7800000,2905512320,7099315,177600000,0,0,11100000,0,0,0,120,0,180,0,11100000,422,378000,3780,11100000,0,0,0,0,0,0,360,60,11100000
fixed,nominal,analog_delta__current_periodic__block_refine2,7200000,7200000,2675112320,6499315,177600000,0,0,11100000,0,0,0,0,0,0,0,11100000,422,366000,3660,11100000,0,0,0,0,0,0,2220,60,11100000
fixed,nominal,analog_delta__lag_guard8__block_refine2,7800000,7800000,2905512320,7099315,177600000,0,0,11100000,,,,120,0,180,0,11100000,422,378000,3780,11100000,,,,,,,360,60,11100000
fixed,nominal,analog_delta__lag_periodic__block_refine2,7200000,7200000,2675112320,6499315,177600000,0,0,11100000,,,,0,0,0,0,11100000,422,366000,3660,11100000,,,,,,,2220,60,11100000
fixed,nominal,analog_delta__refresh_guard8__block_refine2,7200000,7200000,2675112320,6499315,177600000,0,0,11100000,456,22202220,11100000,107,0,24,0,11100000,422,366000,3660,11100000,0,0,0,0,852,852,924,60,11100000
fixed,nominal,analog_delta__rescue_guard8__block_refine2,8391120,8400000,3132502400,7690435,177600000,0,0,11100000,456,22202220,11100000,107,0,24,0,11100000,414,390000,3900,11100000,570,852,8520000,282,852,852,924,60,11100000
fixed,nominal,analog_delta__rescue_periodic__block_refine2,8391120,8400000,3132502400,7690435,177600000,0,0,11100000,456,22202220,11100000,0,0,0,0,11100000,414,390000,3900,11100000,570,852,8520000,282,852,0,2220,60,11100000
fixed,nominal,raw__raw__block_refine2,0,0,0,0,0,0,0,0,,,,0,0,0,0,0,0,0,0,0,,,,,,,0,60,11100000
fixed,nominal,rule__rule__block_refine2,11091120,11100000,4169302400,10390435,0,0,0,0,,,,0,0,0,0,11100000,410,444000,4440,11100000,,,,,,,0,60,11100000
fixed,nominal,spike__current_guard8__block_refine2,6955000,6955000,2582738432,6267644,177600000,0,0,11100000,0,0,0,128,0,176,0,11100000,406,361100,3611,11100000,0,0,0,0,0,0,361,60,11100000
fixed,nominal,spike__current_periodic__block_refine2,7200000,7200000,2675112320,6499315,177600000,0,0,11100000,0,0,0,0,0,0,0,11100000,422,366000,3660,11100000,0,0,0,0,0,0,2220,60,11100000
fixed,nominal,spike__lag_guard8__block_refine2,6955000,6955000,2585419008,6288586,177600000,0,0,11100000,,,,128,0,176,0,11100000,392,361100,3611,11100000,,,,,,,361,60,11100000
fixed,nominal,spike__lag_periodic__block_refine2,7200000,7200000,2675112320,6499315,177600000,0,0,11100000,,,,0,0,0,0,11100000,422,366000,3660,11100000,,,,,,,2220,60,11100000
fixed,nominal,spike__refresh_guard8__block_refine2,7200000,7200000,2675112320,6499315,177600000,0,0,11100000,456,22202220,11100000,90,0,24,0,11100000,422,366000,3660,11100000,0,0,0,0,852,852,932,60,11100000
fixed,nominal,spike__rescue_guard8__block_refine2,8391120,8400000,3132502400,7690435,177600000,0,0,11100000,456,22202220,11100000,90,0,24,0,11100000,414,390000,3900,11100000,570,852,8520000,282,852,852,932,60,11100000
fixed,nominal,spike__rescue_periodic__block_refine2,8391120,8400000,3132502400,7690435,177600000,0,0,11100000,456,22202220,11100000,0,0,0,0,11100000,414,390000,3900,11100000,570,852,8520000,282,852,0,2220,60,11100000
fixed,short_dwell,analog_delta__current_guard8__block_refine2,4660000,4660000,1748412288,4339471,91200000,0,0,5700000,0,0,0,59,0,61,0,5700000,226,207200,2072,5700000,0,0,0,0,0,0,180,60,5700000
fixed,short_dwell,analog_delta__current_periodic__block_refine2,3520000,3520000,1307911040,3178055,91200000,0,0,5700000,0,0,0,0,0,0,0,5700000,241,184400,1844,5700000,0,0,0,0,0,0,1140,60,5700000
fixed,short_dwell,analog_delta__lag_guard8__block_refine2,4365000,4365000,1636544128,4055501,91200000,0,0,5700000,,,,59,0,61,0,5700000,229,201300,2013,5700000,,,,,,,180,60,5700000
fixed,short_dwell,analog_delta__lag_periodic__block_refine2,3520000,3520000,1307911040,3178055,91200000,0,0,5700000,,,,0,0,0,0,5700000,244,184400,1844,5700000,,,,,,,1140,60,5700000
fixed,short_dwell,analog_delta__refresh_guard8__block_refine2,3520000,3520000,1307911040,3178055,91200000,0,0,5700000,394,11401140,5700000,107,0,13,0,5700000,241,184400,1844,5700000,0,0,0,0,728,728,728,60,5700000
fixed,short_dwell,analog_delta__rescue_guard8__block_refine2,4791120,4800000,1796021120,4449175,91200000,0,0,5700000,394,11401140,5700000,107,0,13,0,5700000,237,210000,2100,5700000,450,728,7280000,278,728,728,728,60,5700000
fixed,short_dwell,analog_delta__rescue_periodic__block_refine2,4791120,4800000,1796021120,4449175,91200000,0,0,5700000,394,11401140,5700000,0,0,0,0,5700000,237,210000,2100,5700000,450,728,7280000,278,728,0,1140,60,5700000
fixed,short_dwell,raw__raw__block_refine2,0,0,0,0,0,0,0,0,,,,0,0,0,0,0,0,0,0,0,,,,,,,0,60,5700000
fixed,short_dwell,rule__rule__block_refine2,5691120,5700000,2141621120,5349175,0,0,0,0,,,,0,0,0,0,5700000,234,228000,2280,5700000,,,,,,,0,60,5700000
fixed,short_dwell,spike__current_guard8__block_refine2,3995000,3995000,1505646720,3772865,91200000,0,0,5700000,0,0,0,64,0,64,0,5700000,161,193900,1939,5700000,0,0,0,0,0,0,188,60,5700000
fixed,short_dwell,spike__current_periodic__block_refine2,3560000,3560000,1323271040,3218055,91200000,0,0,5700000,0,0,0,0,0,0,0,5700000,241,185200,1852,5700000,0,0,0,0,0,0,1140,60,5700000
fixed,short_dwell,spike__lag_guard8__block_refine2,3715000,3715000,1402860544,3529848,91200000,0,0,5700000,,,,64,0,64,0,5700000,162,188300,1883,5700000,,,,,,,188,60,5700000
fixed,short_dwell,spike__lag_periodic__block_refine2,3560000,3560000,1323271040,3218055,91200000,0,0,5700000,,,,0,0,0,0,5700000,244,185200,1852,5700000,,,,,,,1140,60,5700000
fixed,short_dwell,spike__refresh_guard8__block_refine2,3560000,3560000,1323271040,3218055,91200000,0,0,5700000,394,11401140,5700000,81,0,13,0,5700000,241,185200,1852,5700000,0,0,0,0,728,728,731,60,5700000
fixed,short_dwell,spike__rescue_guard8__block_refine2,4791120,4800000,1796021120,4449175,91200000,0,0,5700000,394,11401140,5700000,81,0,13,0,5700000,237,210000,2100,5700000,450,728,7280000,278,728,728,731,60,5700000
fixed,short_dwell,spike__rescue_periodic__block_refine2,4791120,4800000,1796021120,4449175,91200000,0,0,5700000,394,11401140,5700000,0,0,0,0,5700000,237,210000,2100,5700000,450,728,7280000,278,728,0,1140,60,5700000
fixed,strong_pulse,analog_delta__current_guard8__block_refine2,7725000,7725000,2838290048,6724141,177600000,0,0,11100000,0,0,0,116,0,184,0,11100000,418,376500,3765,11100000,0,0,0,0,0,0,356,60,11100000
fixed,strong_pulse,analog_delta__current_periodic__block_refine2,7200000,7200000,2636335104,6196368,177600000,0,0,11100000,0,0,0,0,0,0,0,11100000,420,366000,3660,11100000,0,0,0,0,0,0,2220,60,11100000
fixed,strong_pulse,analog_delta__lag_guard8__block_refine2,7725000,7725000,2838670208,6727111,177600000,0,0,11100000,,,,116,0,184,0,11100000,420,376500,3765,11100000,,,,,,,356,60,11100000
fixed,strong_pulse,analog_delta__lag_periodic__block_refine2,7200000,7200000,2636335104,6196368,177600000,0,0,11100000,,,,0,0,0,0,11100000,423,366000,3660,11100000,,,,,,,2220,60,11100000
fixed,strong_pulse,analog_delta__refresh_guard8__block_refine2,7200000,7200000,2636335104,6196368,177600000,0,0,11100000,480,22202220,11100000,119,0,0,0,11100000,420,366000,3660,11100000,0,0,0,0,900,900,961,60,11100000
fixed,strong_pulse,analog_delta__rescue_guard8__block_refine2,8391120,8400000,3093725184,7387488,177600000,0,0,11100000,480,22202220,11100000,119,0,0,0,11100000,413,390000,3900,11100000,540,900,9000000,360,900,900,961,60,11100000
fixed,strong_pulse,analog_delta__rescue_periodic__block_refine2,8391120,8400000,3093725184,7387488,177600000,0,0,11100000,480,22202220,11100000,0,0,0,0,11100000,413,390000,3900,11100000,540,900,9000000,360,900,0,2220,60,11100000
fixed,strong_pulse,raw__raw__block_refine2,0,0,0,0,0,0,0,0,,,,0,0,0,0,0,0,0,0,0,,,,,,,0,60,11100000
fixed,strong_pulse,rule__rule__block_refine2,11091120,11100000,4130525184,10087488,0,0,0,0,,,,0,0,0,0,11100000,412,444000,4440,11100000,,,,,,,0,60,11100000
fixed,strong_pulse,spike__current_guard8__block_refine2,6870000,6870000,2512356352,5887784,177600000,0,0,11100000,0,0,0,142,0,166,0,11100000,405,359400,3594,11100000,0,0,0,0,0,0,364,60,11100000
fixed,strong_pulse,spike__current_periodic__block_refine2,7200000,7200000,2636335104,6196368,177600000,0,0,11100000,0,0,0,0,0,0,0,11100000,421,366000,3660,11100000,0,0,0,0,0,0,2220,60,11100000
fixed,strong_pulse,spike__lag_guard8__block_refine2,6865000,6865000,2513550976,5907117,177600000,0,0,11100000,,,,142,0,166,0,11100000,389,359300,3593,11100000,,,,,,,364,60,11100000
fixed,strong_pulse,spike__lag_periodic__block_refine2,7200000,7200000,2636335104,6196368,177600000,0,0,11100000,,,,0,0,0,0,11100000,423,366000,3660,11100000,,,,,,,2220,60,11100000
fixed,strong_pulse,spike__refresh_guard8__block_refine2,7200000,7200000,2636335104,6196368,177600000,0,0,11100000,480,22202220,11100000,93,0,0,0,11100000,421,366000,3660,11100000,0,0,0,0,900,900,965,60,11100000
fixed,strong_pulse,spike__rescue_guard8__block_refine2,8391120,8400000,3093725184,7387488,177600000,0,0,11100000,480,22202220,11100000,93,0,0,0,11100000,413,390000,3900,11100000,540,900,9000000,360,900,900,965,60,11100000
fixed,strong_pulse,spike__rescue_periodic__block_refine2,8391120,8400000,3093725184,7387488,177600000,0,0,11100000,480,22202220,11100000,0,0,0,0,11100000,413,390000,3900,11100000,540,900,9000000,360,900,0,2220,60,11100000
random,clean,analog_delta__current_guard8__block_refine2,0,0,0,0,177680000,0,0,11105000,0,0,0,2,0,238,0,11105000,0,222100,2221,11105000,0,0,0,0,0,0,300,60,11105000
random,clean,analog_delta__current_periodic__block_refine2,0,0,0,0,177680000,0,0,11105000,0,0,0,0,0,0,0,11105000,0,222100,2221,11105000,0,0,0,0,0,0,2221,60,11105000
random,clean,analog_delta__lag_guard8__block_refine2,0,0,0,0,177680000,0,0,11105000,,,,2,0,238,0,11105000,0,222100,2221,11105000,,,,,,,300,60,11105000
random,clean,analog_delta__lag_periodic__block_refine2,0,0,0,0,177680000,0,0,11105000,,,,0,0,0,0,11105000,0,222100,2221,11105000,,,,,,,2221,60,11105000
random,clean,analog_delta__refresh_guard8__block_refine2,0,0,0,0,177680000,0,0,11105000,0,22212221,11105000,3,0,237,0,11105000,0,222100,2221,11105000,0,0,0,0,120,120,359,60,11105000
random,clean,analog_delta__rescue_guard8__block_refine2,591120,600000,226990080,591120,177680000,0,0,11105000,0,22212221,11105000,3,0,237,0,11105000,0,234100,2341,11105000,0,120,1200000,120,120,120,359,60,11105000
random,clean,analog_delta__rescue_periodic__block_refine2,591120,600000,226990080,591120,177680000,0,0,11105000,0,22212221,11105000,0,0,0,0,11105000,0,234100,2341,11105000,0,120,1200000,120,120,0,2221,60,11105000
random,clean,raw__raw__block_refine2,0,0,0,0,0,0,0,0,,,,0,0,0,0,0,0,0,0,0,,,,,,,0,60,11105000
random,clean,rule__rule__block_refine2,11096120,11105000,4260910080,11096120,0,0,0,0,,,,0,0,0,0,11105000,0,444200,4442,11105000,,,,,,,0,60,11105000
random,clean,spike__current_guard8__block_refine2,0,0,0,0,177680000,0,0,11105000,0,0,0,142,0,180,0,11105000,0,222100,2221,11105000,0,0,0,0,0,0,374,60,11105000
random,clean,spike__current_periodic__block_refine2,5000,5000,1920000,5000,177680000,0,0,11105000,0,0,0,0,0,0,0,11105000,0,222200,2222,11105000,0,0,0,0,0,0,2221,60,11105000
random,clean,spike__lag_guard8__block_refine2,0,0,0,0,177680000,0,0,11105000,,,,142,0,180,0,11105000,0,222100,2221,11105000,,,,,,,374,60,11105000
random,clean,spike__lag_periodic__block_refine2,5000,5000,1920000,5000,177680000,0,0,11105000,,,,0,0,0,0,11105000,0,222200,2222,11105000,,,,,,,2221,60,11105000
random,clean,spike__refresh_guard8__block_refine2,0,0,0,0,177680000,0,0,11105000,0,22212221,11105000,146,0,170,0,11105000,0,222100,2221,11105000,0,0,0,0,120,120,429,60,11105000
random,clean,spike__rescue_guard8__block_refine2,591120,600000,226990080,591120,177680000,0,0,11105000,0,22212221,11105000,146,0,170,0,11105000,0,234100,2341,11105000,0,120,1200000,120,120,120,429,60,11105000
random,clean,spike__rescue_periodic__block_refine2,596120,605000,228910080,596120,177680000,0,0,11105000,0,22212221,11105000,0,0,0,0,11105000,0,234200,2342,11105000,0,120,1200000,120,120,0,2221,60,11105000
random,high_duty,analog_delta__current_guard8__block_refine2,7625000,7625000,2885538944,7293273,176640000,51,0,11040000,0,0,0,132,0,155,51,11040000,450,373300,3733,11040000,0,0,0,0,0,0,387,60,11040000
random,high_duty,analog_delta__current_periodic__block_refine2,7060000,7060000,2672074240,6755580,176640000,38,0,11040000,0,0,0,0,0,0,0,11040000,469,362000,3620,11040000,0,0,0,0,0,0,2208,60,11040000
random,high_duty,analog_delta__lag_guard8__block_refine2,7710000,7710000,2917825792,7375514,176640000,49,0,11040000,,,,127,0,159,49,11040000,421,375000,3750,11040000,,,,,,,387,60,11040000
random,high_duty,analog_delta__lag_periodic__block_refine2,7060000,7060000,2666807808,6714436,176640000,51,0,11040000,,,,0,0,0,0,11040000,430,362000,3620,11040000,,,,,,,2208,60,11040000
random,high_duty,analog_delta__refresh_guard8__block_refine2,7135000,7135000,2700573824,6828233,176640000,29,0,11040000,330,22082208,11040000,130,0,58,29,11040000,471,363500,3635,11040000,0,0,0,0,636,636,748,60,11040000
random,high_duty,analog_delta__rescue_guard8__block_refine2,8751120,8760000,3311682688,8370281,176640000,2,0,11040000,330,22082208,11040000,130,0,58,2,11040000,469,396000,3960,11040000,318,636,6360000,318,636,636,748,60,11040000
random,high_duty,analog_delta__rescue_periodic__block_refine2,8676120,8685000,3283183104,8297628,176640000,11,0,11040000,330,22082208,11040000,0,0,0,0,11040000,467,394500,3945,11040000,318,636,6360000,318,636,0,2208,60,11040000
random,high_duty,raw__raw__block_refine2,0,0,0,0,0,0,0,0,,,,0,0,0,0,0,0,0,0,0,,,,,,,0,60,11040000
random,high_duty,rule__rule__block_refine2,11031120,11040000,4187113088,10649581,0,0,0,0,,,,0,0,0,0,11040000,458,441600,4416,11040000,,,,,,,0,60,11040000
random,high_duty,spike__current_guard8__block_refine2,6965000,6965000,2637090944,6672273,176640000,36,0,11040000,0,0,0,120,0,174,36,11040000,415,360100,3601,11040000,0,0,0,0,0,0,382,60,11040000
random,high_duty,spike__current_periodic__block_refine2,6805000,6805000,2580274560,6548395,176640000,42,0,11040000,0,0,0,0,0,0,0,11040000,437,356900,3569,11040000,0,0,0,0,0,0,2208,60,11040000
random,high_duty,spike__lag_guard8__block_refine2,7120000,7120000,2694129792,6807889,176640000,26,0,11040000,,,,115,0,178,26,11040000,407,363200,3632,11040000,,,,,,,368,60,11040000
random,high_duty,spike__lag_periodic__block_refine2,6805000,6805000,2575029632,6507419,176640000,53,0,11040000,,,,0,0,0,0,11040000,396,356900,3569,11040000,,,,,,,2208,60,11040000
random,high_duty,spike__refresh_guard8__block_refine2,6830000,6830000,2588597760,6563420,176640000,40,0,11040000,330,22082208,11040000,115,0,79,40,11040000,442,357400,3574,11040000,0,0,0,0,636,636,776,60,11040000
random,high_duty,spike__rescue_guard8__block_refine2,8541120,8550000,3234701312,8188864,176640000,9,0,11040000,330,22082208,11040000,115,0,79,9,11040000,446,391800,3918,11040000,318,636,6360000,318,636,636,776,60,11040000
random,high_duty,spike__rescue_periodic__block_refine2,8516120,8525000,3226378112,8173839,176640000,11,0,11040000,330,22082208,11040000,0,0,0,0,11040000,443,391300,3913,11040000,318,636,6360000,318,636,0,2208,60,11040000
random,low_snr,analog_delta__current_guard8__block_refine2,7739556,7740000,2885642496,7064970,174000000,56,0,10875000,0,0,0,123,0,158,56,10875000,515,372300,3723,10875000,0,0,0,0,0,0,389,60,10875000
random,low_snr,analog_delta__current_periodic__block_refine2,7019556,7020000,2613080320,6375578,174000000,82,0,10875000,0,0,0,0,0,0,0,10875000,485,357900,3579,10875000,0,0,0,0,0,0,2175,60,10875000
random,low_snr,analog_delta__lag_guard8__block_refine2,7735000,7735000,2882946944,7053023,174000000,50,0,10875000,,,,124,0,159,50,10875000,562,372200,3722,10875000,,,,,,,381,60,10875000
random,low_snr,analog_delta__lag_periodic__block_refine2,7015000,7015000,2606589696,6333982,174000000,47,0,10875000,,,,0,0,0,0,10875000,538,357800,3578,10875000,,,,,,,2175,60,10875000
random,low_snr,analog_delta__refresh_guard8__block_refine2,7069556,7070000,2632280320,6425578,174000000,70,0,10875000,321,21752175,10875000,124,0,49,70,10875000,494,358900,3589,10875000,0,0,0,0,642,642,744,60,10875000
random,low_snr,analog_delta__rescue_guard8__block_refine2,8626120,8635000,3220993024,7911768,174000000,5,0,10875000,321,21752175,10875000,124,0,49,5,10875000,529,390200,3902,10875000,317,642,6420000,325,642,642,743,60,10875000
random,low_snr,analog_delta__rescue_periodic__block_refine2,8576120,8585000,3201799040,7861815,174000000,17,0,10875000,321,21752175,10875000,0,0,0,0,10875000,518,389200,3892,10875000,317,642,6420000,325,642,0,2175,60,10875000
random,low_snr,raw__raw__block_refine2,0,0,0,0,0,0,0,0,,,,0,0,0,0,0,0,0,0,0,,,,,,,0,60,10875000
random,low_snr,rule__rule__block_refine2,10866120,10875000,4081120640,10151515,0,0,0,0,,,,0,0,0,0,10875000,518,435000,4350,10875000,,,,,,,0,60,10875000
random,low_snr,spike__current_guard8__block_refine2,7209260,7210000,2686333824,6568463,174000000,25,0,10875000,0,0,0,76,0,191,25,10875000,500,361700,3617,10875000,0,0,0,0,0,0,345,60,10875000
random,low_snr,spike__current_periodic__block_refine2,7014260,7015000,2615193600,6402680,174000000,83,0,10875000,0,0,0,0,0,0,0,10875000,475,357800,3578,10875000,0,0,0,0,0,0,2175,60,10875000
random,low_snr,spike__lag_guard8__block_refine2,7130000,7130000,2654613376,6479167,174000000,12,0,10875000,,,,73,0,193,12,10875000,595,360100,3601,10875000,,,,,,,331,60,10875000
random,low_snr,spike__lag_periodic__block_refine2,7000000,7000000,2604250880,6345710,174000000,50,0,10875000,,,,0,0,0,0,10875000,528,357500,3575,10875000,,,,,,,2175,60,10875000
random,low_snr,spike__refresh_guard8__block_refine2,6999260,7000000,2609903360,6391350,174000000,77,0,10875000,321,21752175,10875000,72,0,67,77,10875000,478,357500,3575,10875000,0,0,0,0,642,642,751,60,10875000
random,low_snr,spike__rescue_guard8__block_refine2,8586120,8595000,3209029760,7898305,174000000,12,0,10875000,321,21752175,10875000,72,0,67,12,10875000,521,389400,3894,10875000,317,642,6420000,325,642,642,751,60,10875000
random,low_snr,spike__rescue_periodic__block_refine2,8601120,8610000,3214313984,7909588,174000000,18,0,10875000,321,21752175,10875000,0,0,0,0,10875000,518,389700,3897,10875000,317,642,6420000,325,642,0,2175,60,10875000
random,nominal,analog_delta__current_guard8__block_refine2,7500000,7500000,2799424512,6870504,175440000,53,0,10965000,0,0,0,111,0,163,53,10965000,499,369300,3693,10965000,0,0,0,0,0,0,379,60,10965000
random,nominal,analog_delta__current_periodic__block_refine2,6975000,6975000,2601718144,6375923,175440000,35,0,10965000,0,0,0,0,0,0,0,10965000,519,358800,3588,10965000,0,0,0,0,0,0,2193,60,10965000
random,nominal,analog_delta__lag_guard8__block_refine2,7590000,7590000,2833916288,6959971,175440000,52,0,10965000,,,,119,0,160,52,10965000,465,371100,3711,10965000,,,,,,,387,60,10965000
random,nominal,analog_delta__lag_periodic__block_refine2,6975000,6975000,2596927104,6338493,175440000,53,0,10965000,,,,0,0,0,0,10965000,469,358800,3588,10965000,,,,,,,2193,60,10965000
random,nominal,analog_delta__refresh_guard8__block_refine2,7075000,7075000,2639146496,6468332,175440000,24,0,10965000,295,21932193,10965000,124,0,55,24,10965000,515,360800,3608,10965000,0,0,0,0,605,605,715,60,10965000
random,nominal,analog_delta__rescue_guard8__block_refine2,8641120,8650000,3231161472,7961209,175440000,3,0,10965000,295,21932193,10965000,124,0,55,3,10965000,521,392300,3923,10965000,279,605,6050000,326,605,605,715,60,10965000
random,nominal,analog_delta__rescue_periodic__block_refine2,8541120,8550000,3193733120,7868800,175440000,14,0,10965000,295,21932193,10965000,0,0,0,0,10965000,525,390300,3903,10965000,280,605,6050000,325,605,0,2193,60,10965000
random,nominal,raw__raw__block_refine2,0,0,0,0,0,0,0,0,,,,0,0,0,0,0,0,0,0,0,,,,,,,0,60,10965000
random,nominal,rule__rule__block_refine2,10956120,10965000,4119693056,10272862,0,0,0,0,,,,0,0,0,0,10965000,523,438600,4386,10965000,,,,,,,0,60,10965000
random,nominal,spike__current_guard8__block_refine2,6685000,6685000,2493780736,6112662,175440000,44,0,10965000,0,0,0,121,0,159,44,10965000,475,353000,3530,10965000,0,0,0,0,0,0,378,60,10965000
random,nominal,spike__current_periodic__block_refine2,6785000,6785000,2536038528,6242801,175440000,37,0,10965000,0,0,0,0,0,0,0,10965000,496,355000,3550,10965000,0,0,0,0,0,0,2193,60,10965000
random,nominal,spike__lag_guard8__block_refine2,6820000,6820000,2542224640,6221130,175440000,33,0,10965000,,,,123,0,160,33,10965000,455,355700,3557,10965000,,,,,,,369,60,10965000
random,nominal,spike__lag_periodic__block_refine2,6785000,6785000,2530508288,6199596,175440000,54,0,10965000,,,,0,0,0,0,10965000,444,355000,3550,10965000,,,,,,,2193,60,10965000
random,nominal,spike__refresh_guard8__block_refine2,6830000,6830000,2552950016,6284922,175440000,33,0,10965000,295,21932193,10965000,130,0,67,33,10965000,497,355900,3559,10965000,0,0,0,0,605,605,749,60,10965000
random,nominal,spike__rescue_guard8__block_refine2,8471120,8480000,3171347712,7833914,175440000,11,0,10965000,295,21932193,10965000,130,0,67,11,10965000,509,388900,3889,10965000,280,605,6050000,325,605,605,749,60,10965000
random,nominal,spike__rescue_periodic__block_refine2,8426120,8435000,3154436224,7791793,175440000,15,0,10965000,295,21932193,10965000,0,0,0,0,10965000,508,388000,3880,10965000,280,605,6050000,325,605,0,2193,60,10965000
random,short_dwell,analog_delta__current_guard8__block_refine2,4010000,4010000,1499738240,3696705,88720000,48,0,5545000,0,0,0,95,0,50,48,5545000,310,191100,1911,5545000,0,0,0,0,0,0,237,60,5545000
random,short_dwell,analog_delta__current_periodic__block_refine2,3305000,3305000,1227669376,2981167,88720000,37,0,5545000,0,0,0,0,0,0,0,5545000,363,177000,1770,5545000,0,0,0,0,0,0,1109,60,5545000
random,short_dwell,analog_delta__lag_guard8__block_refine2,3880000,3880000,1451573376,3580417,88720000,48,0,5545000,,,,90,0,57,48,5545000,271,188500,1885,5545000,,,,,,,243,60,5545000
random,short_dwell,analog_delta__lag_periodic__block_refine2,3305000,3305000,1223562752,2949084,88720000,55,0,5545000,,,,0,0,0,0,5545000,308,177000,1770,5545000,,,,,,,1109,60,5545000
random,short_dwell,analog_delta__refresh_guard8__block_refine2,3360000,3360000,1248568064,3034438,88720000,31,0,5545000,339,11091109,5545000,54,0,15,31,5545000,363,178100,1781,5545000,0,0,0,0,656,656,690,60,5545000
random,short_dwell,analog_delta__rescue_guard8__block_refine2,5056120,5065000,1889158656,4646812,88720000,2,0,5545000,339,11091109,5545000,54,0,15,2,5545000,359,212200,2122,5545000,327,656,6560000,329,656,656,690,60,5545000
random,short_dwell,analog_delta__rescue_periodic__block_refine2,5001120,5010000,1868259968,4593541,88720000,8,0,5545000,339,11091109,5545000,0,0,0,0,5545000,358,211100,2111,5545000,327,656,6560000,329,656,0,1109,60,5545000
random,short_dwell,raw__raw__block_refine2,0,0,0,0,0,0,0,0,,,,0,0,0,0,0,0,0,0,0,,,,,,,0,60,5545000
random,short_dwell,rule__rule__block_refine2,5536120,5545000,2073465856,5126712,0,0,0,0,,,,0,0,0,0,5545000,354,221800,2218,5545000,,,,,,,0,60,5545000
random,short_dwell,spike__current_guard8__block_refine2,3105000,3105000,1161125248,2861291,88720000,42,0,5545000,0,0,0,82,0,63,42,5545000,241,173000,1730,5545000,0,0,0,0,0,0,239,60,5545000
random,short_dwell,spike__current_periodic__block_refine2,3155000,3155000,1172021504,2846418,88720000,43,0,5545000,0,0,0,0,0,0,0,5545000,360,174000,1740,5545000,0,0,0,0,0,0,1109,60,5545000
random,short_dwell,spike__lag_guard8__block_refine2,3100000,3100000,1161550592,2874614,88720000,32,0,5545000,,,,79,0,64,32,5545000,206,172900,1729,5545000,,,,,,,230,60,5545000
random,short_dwell,spike__lag_periodic__block_refine2,3155000,3155000,1168159616,2816247,88720000,57,0,5545000,,,,0,0,0,0,5545000,302,174000,1740,5545000,,,,,,,1109,60,5545000
random,short_dwell,spike__refresh_guard8__block_refine2,3195000,3195000,1187648000,2888500,88720000,40,0,5545000,339,11091109,5545000,49,0,20,40,5545000,359,174800,1748,5545000,0,0,0,0,656,656,688,60,5545000
random,short_dwell,spike__rescue_guard8__block_refine2,5001120,5010000,1868972544,4599108,88720000,6,0,5545000,339,11091109,5545000,49,0,20,6,5545000,356,211100,2111,5545000,327,656,6560000,329,656,656,688,60,5545000
random,short_dwell,spike__rescue_periodic__block_refine2,4961120,4970000,1853346048,4557026,88720000,9,0,5545000,339,11091109,5545000,0,0,0,0,5545000,357,210300,2103,5545000,327,656,6560000,329,656,0,1109,60,5545000
random,strong_pulse,analog_delta__current_guard8__block_refine2,7625000,7625000,2789511808,6543061,173840000,52,0,10865000,0,0,0,128,0,153,52,10865000,498,369800,3698,10865000,0,0,0,0,0,0,382,60,10865000
random,strong_pulse,analog_delta__current_periodic__block_refine2,6930000,6930000,2524978304,5866393,173840000,36,0,10865000,0,0,0,0,0,0,0,10865000,526,355900,3559,10865000,0,0,0,0,0,0,2173,60,10865000
random,strong_pulse,analog_delta__lag_guard8__block_refine2,7670000,7670000,2806977664,6589513,173840000,52,0,10865000,,,,121,0,158,52,10865000,457,370700,3707,10865000,,,,,,,383,60,10865000
random,strong_pulse,analog_delta__lag_periodic__block_refine2,6930000,6930000,2520832512,5834004,173840000,53,0,10865000,,,,0,0,0,0,10865000,467,355900,3559,10865000,,,,,,,2173,60,10865000
random,strong_pulse,analog_delta__refresh_guard8__block_refine2,7010000,7010000,2554739456,5938902,173840000,23,0,10865000,381,21732173,10865000,123,0,11,23,10865000,526,357500,3575,10865000,0,0,0,0,751,751,815,60,10865000
random,strong_pulse,analog_delta__rescue_guard8__block_refine2,8611120,8620000,3159900032,7464479,173840000,2,0,10865000,381,21732173,10865000,123,0,11,2,10865000,528,389700,3897,10865000,366,751,7510000,385,751,751,815,60,10865000
random,strong_pulse,analog_delta__rescue_periodic__block_refine2,8531120,8540000,3130138880,7391970,173840000,15,0,10865000,381,21732173,10865000,0,0,0,0,10865000,528,388100,3881,10865000,366,751,7510000,385,751,0,2173,60,10865000
random,strong_pulse,raw__raw__block_refine2,0,0,0,0,0,0,0,0,,,,0,0,0,0,0,0,0,0,0,,,,,,,0,60,10865000
random,strong_pulse,rule__rule__block_refine2,10856120,10865000,4021903232,9708879,0,0,0,0,,,,0,0,0,0,10865000,526,434600,4346,10865000,,,,,,,0,60,10865000
random,strong_pulse,spike__current_guard8__block_refine2,6505000,6505000,2367965056,5489727,173840000,40,0,10865000,0,0,0,136,0,161,40,10865000,454,347400,3474,10865000,0,0,0,0,0,0,389,60,10865000
random,strong_pulse,spike__current_periodic__block_refine2,6750000,6750000,2463996928,5749976,173840000,43,0,10865000,0,0,0,0,0,0,0,10865000,505,352300,3523,10865000,0,0,0,0,0,0,2173,60,10865000
random,strong_pulse,spike__lag_guard8__block_refine2,6610000,6610000,2409607296,5605057,173840000,26,0,10865000,,,,130,0,164,26,10865000,432,349500,3495,10865000,,,,,,,372,60,10865000
random,strong_pulse,spike__lag_periodic__block_refine2,6750000,6750000,2458653056,5708227,173840000,55,0,10865000,,,,0,0,0,0,10865000,446,352300,3523,10865000,,,,,,,2173,60,10865000
random,strong_pulse,spike__refresh_guard8__block_refine2,6810000,6810000,2484606080,5790985,173840000,36,0,10865000,381,21732173,10865000,127,0,31,36,10865000,508,353500,3535,10865000,0,0,0,0,751,751,846,60,10865000
random,strong_pulse,spike__rescue_guard8__block_refine2,8466120,8475000,3109026816,7357032,173840000,11,0,10865000,381,21732173,10865000,127,0,31,11,10865000,514,386800,3868,10865000,366,751,7510000,385,751,751,846,60,10865000
random,strong_pulse,spike__rescue_periodic__block_refine2,8406120,8415000,3088417664,7316023,173840000,18,0,10865000,381,21732173,10865000,0,0,0,0,10865000,511,385600,3856,10865000,366,751,7510000,385,751,0,2173,60,10865000
